id,title,price,domain_id,brand
MLA1131372433,Smart Tv Philips 7400 Series 50pud7406/77 Led Android 10 4k 50  110v/240v,164999.0,MLA-TELEVISIONS,Philips
MLA1148941757,Smart Tv Samsung Series 7 Un55au7000gczb Led Tizen 4k 55  220v - 240v,229999.0,MLA-TELEVISIONS,Samsung
MLA1361081893,Smart Tv Tcl 50  4k Hdr Google Tv 50p735-f 220v,159999.0,MLA-TELEVISIONS,TCL
MLA1438347432,Smart Noblex 50  91dk50x6550 4k Sistema Vidaa,179999.0,MLA-TELEVISIONS,Noblex
MLA1381985005,Smart Tv Philips 7400 Series 55pud7406/77 Led 4k 55  110v/240v,207899.0,MLA-TELEVISIONS,Nuevo
MLA1391729686,Smart Tv Samsung Series 6 Qn55q65bagczb Qled Tizen 4k 55  220v - 240v,325999.0,MLA-TELEVISIONS,Samsung
MLA1346132006,Smart Tv 50 Pulgadas 4k Ultra Hd 50uq8050psb - LG,203999.0,MLA-TELEVISIONS,LG
MLA1373168651,Smart Tv Noblex Dr50x7550 Led Android Tv 4k 50  220v,189750.0,MLA-TELEVISIONS,Noblex
MLA1382255183,Smart Tv Marca Skyworth 55g3af Frameless Led 4k 55 Pulgadas Hdr 10 Android Tv Control Por Voz Google Assistant Chromecast Built-in,219988.0,MLA-TELEVISIONS,Skyworth
MLA1379748351,Smart Tv Led 55  Bgh B5522us6a Android,196124.0,MLA-TELEVISIONS,BGH
MLA1155298324,Hyundai Hyled-58uhd4,249599.0,MLA-TELEVISIONS,Hyundai
MLA1150190526,Smart Tv Philips 65pud7906/77,326999.0,MLA-TELEVISIONS,Philips
MLA1311977777,Tv Led 4k 50  Noblex Dk50x7500  Uhd Smart Netflix Tda,184918.0,MLA-TELEVISIONS,Noblex
MLA1468544168,Smart Tv Philips Android 43´´4k Uhd Control Voz 43pud7407/77,195301.0,MLA-TELEVISIONS,Philips
MLA1426527782,Smart Tv LG Ai Thinq 43uq8050psb Lcd Webos 4k 43  100v/240v,167999.0,MLA-TELEVISIONS,LG
MLA1119648586,Smart Tv LG Ai Thinq 43up7750psb Lcd Webos 6.0 4k 43  100v/240v,213600.0,MLA-TELEVISIONS,LG
MLA1150939281,Smart Tv Hyundai Hyled-50uhd5a Android Tv 4k 50  220v,165999.0,MLA-TELEVISIONS,Hyundai
MLA1219428108,Televisor Bgh 50'' Android Tv Negro 4k Ultra Hd Pne040263,163099.0,MLA-TELEVISIONS,BGH
MLA1453156806,Smart Tv Led Hisense 50a64h Uhd 50 Vidaa,134999.0,MLA-TELEVISIONS,Hisense
MLA1389241916,Smart Tv Motorola Mt50g22 Led Full Hd 50  220v,169999.0,MLA-TELEVISIONS,Motorola
MLA1368594751,Smart Tv Samsung Neo Qled 4k Qn43qn90bagczb Qled Tizen 4k 43  220v - 240v,407999.0,MLA-TELEVISIONS,Samsung
MLA1372118223,Televisor Smart Hisense 50a64h 50  Led Uhd 4k,180699.0,MLA-TELEVISIONS,Hisense
MLA1411091794,Smart Tv Samsung Series 7 Un43au7000gczb Led Tizen 4k 43  220v - 240v,285998.9,MLA-TELEVISIONS,Samsung
MLA1403898084,Samsung Neo Qled 4k Qn55qn85ba Qn55qn85bagczb,599999.0,MLA-TELEVISIONS,Samsung
MLA1438673734,Smart Tv Rca And50p6uhd-f Led Google Tv 4k 50  100v/240v,159999.0,MLA-TELEVISIONS,RCA
MLA1467741778,Smart Tv Noblex Dr55x7550pi Led 4k 55'' Con Android Tv,199999.0,MLA-TELEVISIONS,Noblex
MLA1185294209,Smart Tv Samsung Qn55q65bagxzd Qled Tizen 4k 55  100v/240v,379999.0,MLA-TELEVISIONS,Samsung
MLA1426526468,Smart Tv Noblex Dr55x7550 Led 4k 55 Pulgadas Android Tv,199999.0,MLA-TELEVISIONS,Noblex
MLA1362564028,Smart Tv Samsung Neo Qled 4k Qn50qn90bagczb Qled Tizen 4k 50  220v - 240v,612499.0,MLA-TELEVISIONS,Samsung
MLA1300491800,Smart Tv Philips 55pud7906/77 Led Android 10 4k 55  110v/240v,277749.0,MLA-TELEVISIONS,Philips
MLA1141046427,Smart Tv Noblex Dm50x7550 Led Android Tv 4k 50  220v,198699.0,MLA-TELEVISIONS,Noblex
MLA1309827999,Smart Tv Samsung Crystal Uhd Un65bu8000gxzd Led Tizen 4k 65  100v/240v,468749.0,MLA-TELEVISIONS,Samsung
MLA1378871459,Smart Tv Noblex Dk43x5150pi Led Full Hd 43'',129999.0,MLA-TELEVISIONS,Noblex
MLA1382066035,Smart Tv Hisense 9155a64h Led Vidaa 4k 55  220v,189999.0,MLA-TELEVISIONS,Hisense
MLA1223551494,Smart Tv Noblex 55 Pulgadas Dk55x6550 4k Uhd ,220889.0,MLA-TELEVISIONS,Noblex
MLA1381157239,Smart Tv Tcl L55c635 Qled Google Tv 4k 55  220v,349000.0,MLA-TELEVISIONS,TCL
MLA1443921442,Smart Tv Tcl C71-series 55c715 Qled Android Tv 4k 55  100v/240v,329999.0,MLA-TELEVISIONS,TCL
MLA1273668290,Samsung Series 8 Un75bu8000g Un75bu8000gczb,629999.0,MLA-TELEVISIONS,Samsung
MLA1316298630,Tcl Led 55 4k Hdr L55p735 Uhd Google Tv,212289.0,MLA-TELEVISIONS,TCL
MLA1361013100,Smart Tv LG 50 Pulgadas 50uq8050psb 4k Ultra Hd Thinq Ai,198499.0,MLA-TELEVISIONS,LG
MLA1381432139,Smart Tv Skyworth 75  Led 4k Uhd Frameless Google Tv,413999.0,MLA-TELEVISIONS,Skyworth
MLA1130729104,Smart Tv Bgh B5021uh6a Led Android Tv 4k 50  220v,197610.0,MLA-TELEVISIONS,BGH
MLA1378917937,Smart Tv Tcl L55p615 Led Android Pie 4k 55  100v/240v,279999.0,MLA-TELEVISIONS,TCL
MLA1119667622,Smart Tv LG Ai Thinq 50up7750psb Lcd Webos 6.0 4k 50  100v/240v,262834.0,MLA-TELEVISIONS,LG
MLA1426280708,Smart Tv Tcl C635 Series L50c635 Qled Google Tv 4k 50  220v,259999.0,MLA-TELEVISIONS,TCL
MLA1143955887,Smart Tv Samsung Series 7 Un50au7000gczb Led Tizen 4k 50  220v - 240v,213674.0,MLA-TELEVISIONS,Samsung
MLA1347142647,Smart Tv Rca And50fxuhd Led Android 4k 50  100v/240v,178952.0,MLA-TELEVISIONS,RCA
MLA1245972684,Samsung Neo Qled 4k Qn65qn85ba Qn65qn85bagczb,766999.0,MLA-TELEVISIONS,Samsung
MLA1214813564, Smart Tv Noblex Db58x7500 58  Led 4k Android Tv,210999.0,MLA-TELEVISIONS,Noblex
MLA1466972780,Smart Tv Noblex Dk75x7500pi Led Hdr 4k 75'' Con Google Tv,472999.0,MLA-TELEVISIONS,Noblex
MLA1361490489,Smart Tv LG Ai Thinq 55nano80spa Led Webos 6.0 4k 55  100v/240v,339999.0,MLA-TELEVISIONS,LG
MLA1429296468,Smart Tv LG 55nano80sqa Led Webos 22 4k 55  100v/240v,359999.0,MLA-TELEVISIONS,LG
MLA1131868812,Televisor Samsung 55  Smart Tv Crystal Uhd 4k Au7000,287499.0,MLA-TELEVISIONS,Samsung
MLA1420405672,Smart Tv Samsung The Frame Qled 4k 55''  + Marco Beige,499999.0,MLA-TELEVISIONS,Samsung
MLA1465624078,Smart Tv LG Evo Oled55c2psa Webos 22 4k 55  100v/240v,777999.0,MLA-TELEVISIONS,LG
MLA1451166892,Smart Tv Aoc 50u6125/77g Led Roku Os 4k 50  220v,156999.0,MLA-TELEVISIONS,AOC
MLA1429308342,Smart Tv LG Ai Thinq 60uq8050psb Led Webos 22 4k 60  100v/240v,370999.0,MLA-TELEVISIONS,LG
MLA1364280753,Smart Tv Aoc 50u6295/77g,151199.16,MLA-TELEVISIONS,AOC
MLA1406327682,Smart Tv Hitachi Cdh-le554ksmart26 Led Android Tv 4k 55  100v/240v,201444.0,MLA-TELEVISIONS,Hitachi
MLA1468528854,Smart Tv Samsung Series 6 Qn55q60aagczb Qled Tizen 4k 55  220v - 240v,354999.0,MLA-TELEVISIONS,Samsung
MLA1119810206,Smart Tv Hisense A6 Series 50a64gsv Led 4k 50  220v,194199.0,MLA-TELEVISIONS,Hisense
MLA1330664070,Smart Tv Led 50  LG 50uq8050 Uhd,184999.0,MLA-TELEVISIONS,LG
MLA1105091763,Smart Tv Led 50 Pulgadas Rca And50fxuhd Android 4k Uhd,210998.0,MLA-TELEVISIONS,RCA
MLA1382455514,Smart Tv Enova 50 Pulgadas 4k Uhd Android Tv Frameless,164851.6,MLA-TELEVISIONS,Enova
MLA1264827306,Noblex Dk75x7500,527999.0,MLA-TELEVISIONS,Noblex
MLA1202661011, Smart Tv Noblex Db58x7500pi 58  Led 4k Android Tv,259999.0,MLA-TELEVISIONS,Noblex
MLA1374832965,Smart Tv Philco Pld50us22a Led 4k 50  220v,175799.0,MLA-TELEVISIONS,Philco
MLA1125733990,LG Ai Thinq 70up775 70up7750psb,482999.0,MLA-TELEVISIONS,LG
MLA1282356471,Smart Tv Philco Predicta 94predictatv5521 Oled 4k 55  220v,412999.0,MLA-TELEVISIONS,Philco
MLA1362876319,Smart Tv 4k Led 50 Pulgadas Telefunken Tk5020uk6 Uhd Hdmi,161450.0,MLA-TELEVISIONS,Telefunken
MLA1401595160,Smart Tv Philips 7000 Series 50pud7406/77 Android 10 4k 50 ,206599.0,MLA-TELEVISIONS,Philips
MLA1370676601,Smart Tv Noblex Dq50x9500pi Qled 4k 50'' Black Series Con Google Tv,269999.0,MLA-TELEVISIONS,Noblex
MLA1330624209,Smart Tv Samsung Series 8 Un65bu8000gczb Led Tizen 4k 65  220v - 240v,374999.0,MLA-TELEVISIONS,Samsung
MLA1159892964,Smart Tv Samsung Series 7 Qn85q70aagczb Qled Tizen 4k 85  220v,1099999.0,MLA-TELEVISIONS,Samsung
MLA1127572575,Smart Tv Android Qled 4k 55 Pulgada Tcl L55c715 Bt Hdr Dolby,259999.0,MLA-TELEVISIONS,TCL
MLA1382476519,Smart Tv Kanji Kj-50st005 Led Android Kitkat 4k 50  100v/240v,166999.0,MLA-TELEVISIONS,Kanji
MLA1403239540,Smart Tv Noblex Dk65x6550pi Led Hdr 4k 65'' Vidaa,325999.0,MLA-TELEVISIONS,Noblex
MLA1113740216,Led Tv Philips 55  Pud7406/77 Android Smart Netflix Prime 4k,229499.1,MLA-TELEVISIONS,Philips
MLA1184756900,Smart Tv Samsung Qn55q65bagxzd Qled 4k 55,417999.0,MLA-TELEVISIONS,Samsung
MLA1378873275,Smart Tv 55 Uled Hisense 55u60h 4k Google Tv,272999.0,MLA-TELEVISIONS,Hisense
MLA1337974819,Smart Tv Tcl P735 Series 75p735 Lcd Google Tv 4k 75  100v/240v,555499.0,MLA-TELEVISIONS,TCL
MLA1426502792,Smart Tv Hitachi Cdh-le504ksmart26-f Led Google Tv 4k 50  220v,184999.0,MLA-TELEVISIONS,Hitachi
MLA1380482117,Smart Tv Uhd 4k 65   Bgh Android B6522us6a,353999.0,MLA-TELEVISIONS,BGH
MLA1377753865,Smart Tv Telefunken 50 4k Tk5022 Sintonizador Digital 220v,218799.0,MLA-TELEVISIONS,Telefunken
MLA1377068949,Smart Tv LG 43  4k Ai Thinq 43uq8050psb Lcd Webos ,199999.0,MLA-TELEVISIONS,LG
MLA1255874132,Smart Tv LG Ai Thinq 60up7750psb Lcd Webos 6.0 4k 60  100v/240v,337999.0,MLA-TELEVISIONS,LG
MLA1448001330,Smart Tv Tcl C835 Series Mini Led L55c835 Lcd Google Tv 4k 55  100v/240v,761439.0,MLA-TELEVISIONS,TCL
MLA1261747838,Smart Tv Samsung Neo Qled 4k Qn75qn85bagczb Qled Tizen 4k 75  220v - 240v,999999.0,MLA-TELEVISIONS,Samsung
MLA1144381976,Xiaomi Mi Tv P1 43 L43m6-6a,328299.0,MLA-TELEVISIONS,Xiaomi
MLA879591724,Smart Tv Rca X55andtv Led Android Tv 4k 55  100v/240v,219999.0,MLA-TELEVISIONS,RCA
MLA900398392,Smart Tv Portátil Sanyo Lce50su9550 Led 4k 50  220v,195930.78,MLA-TELEVISIONS,Sanyo
MLA1369480573,Smart Tv Led 50  4k L50p735 Go - Tcl,218999.0,MLA-TELEVISIONS,TCL
MLA1279225988,Smart Tv Led 70 Pulgadas 4k 70a6h Hisense,369999.0,MLA-TELEVISIONS,Hisense
MLA1429768578,Tcl Led 65 4k Hdr L65p735 Uhd Google Tv 220v,369999.0,MLA-TELEVISIONS,TCL
MLA1297824042,Smart Tv 75 Philips 8507 Series Android 75pud8507/77 4k Uhd,655489.0,MLA-TELEVISIONS,Philips
MLA1214663013,Smart Tv Rca 55  And55p7uhd Ultra Hd Android Tv 100-240v ,202838.0,MLA-TELEVISIONS,RCA
MLA1380323207,Smart Tv Led 55'' Tcl L55p735 4k Ultra Hd,225229.0,MLA-TELEVISIONS,TCL
MLA1169105400,Smart Tv Samsung Series 7 Un65au7000gczb Led Tizen 4k 65  220v - 240v,384998.9,MLA-TELEVISIONS,Samsung
MLA1433736546,Smart Tv 65 Pulgadas 4k Ultra Hd 65bu8000 - Samsung,369999.0,MLA-TELEVISIONS,Samsung
MLA1413415712,Smart Tv 55 Tcl L55p725 4k Uhd Google Tv 240v,244899.0,MLA-TELEVISIONS,TCL
MLA1382340481,Smart Tv Kanji Kj-5xst005-2 50 Pulgadas 4k Uhd Tda Google Tv,223060.0,MLA-TELEVISIONS,Kanji
MLA1109870401,Smart Tv Led 50 Pulgadas Rca And50fxuhd Android 4k Uhd Cuota,286998.0,MLA-TELEVISIONS,RCA
MLA1376483031,Led Tv Philips 50 Pud7406/77 Android Smart Netflix Prime 4k,170999.1,MLA-TELEVISIONS,Philips
MLA1411979254,Smart Tv Led 4k 43 LG 43uq8050psb Thinq Ai Netflix Youtube,171999.0,MLA-TELEVISIONS,LG
MLA1443606114,Smart Tv Samsung Series 7 Un70au7000gczb Led Tizen 4k 70  220v - 240v,526230.0,MLA-TELEVISIONS,Samsung
MLA1156220135,Tcl 55c825,619999.0,MLA-TELEVISIONS,TCL
MLA1379695829,Smart Tv Bgh B5522fs6a 4k,248813.0,MLA-TELEVISIONS,BGH
MLA1224456116,Smart Tv Hitachi Cdh-le504ksmart21-f Led Android Tv 4k 50  220v,249999.0,MLA-TELEVISIONS,Hitachi
MLA1110285627,Smart Tv Samsung Series 7 Crystal Led 4k 50  220v - 240v,212749.0,MLA-TELEVISIONS,Samsung
MLA1153838775,Smart Tv Philco Pld50hs22pi Led 4k 50  Negro 220v,175309.0,MLA-TELEVISIONS,Philco
MLA1260001328,Smart Tv Led Noblex Dk50x7500 4k 50 Google Tv Netflix ,257138.7,MLA-TELEVISIONS,Noblex
MLA1411979794,Smart Tv LG Ai Thinq 65nano80spa Lcd Webos 6.0 4k 65  100v/240v,641149.0,MLA-TELEVISIONS,LG
MLA884630597,Smart Tv Aoc 50u6295/78g Led 4k 50  110v/240v,186238.94,MLA-TELEVISIONS,AOC
MLA1434439020,Smart Tv Rca Google 50  Ultra Hd 4 K Android Youtube Netflix,164995.0,MLA-TELEVISIONS,RCA
MLA1110327364,Smart Tv Led 50 Pulgadas Rca And50fxuhd Android 4k Uhd,210998.0,MLA-TELEVISIONS,RCA
MLA1219479054,Smart Tv Philips 7000 Serie 50pud7406/77 Led 4k 50  110v/240,181999.0,MLA-TELEVISIONS,Philips
MLA1388500468,Smart Tv LG 43 Pulgadas 43uq8050psb 4k Uhd Ai Thinq Hdr,199999.0,MLA-TELEVISIONS,LG
MLA1110696855,Smart Tv Led 50 Pulgadas Rca And50fxuhd Android 4k Uhd Cuota,286998.0,MLA-TELEVISIONS,RCA
MLA1117495114,Smart Tv Philips 50 Pulgadas 4k Uhd Android 50pud7406/77,196838.94,MLA-TELEVISIONS,Philips
MLA1110670719,Smart Tv Led 50 Pulgadas Rca And50fxuhd Android 4k Uhd,210998.0,MLA-TELEVISIONS,RCA
MLA1361870992,Samsung 55  The Frame Art Mode 4k Smart Tv Ls03b Beige,499999.0,MLA-TELEVISIONS,Samsung
MLA1131148019,Smart Tv 50  Uhd 4k Hdmi Usb Un50au7000 Samsung,231499.0,MLA-TELEVISIONS,Samsung
MLA1174319757,Smart Tv Philips 43 4k Uhd Android  Pud7407/77 110v-240v,203499.0,MLA-TELEVISIONS,Philips
MLA1371704812,Smart Tv Samsung Neo Qled 4k Qn50qn90bagxzd Qled Tizen 4k 50  100v/240v,489999.0,MLA-TELEVISIONS,Samsung
MLA1281932357,Smart Tv Samsung Series 6 Qn55q65bagczb Qled 4k 55,339999.0,MLA-TELEVISIONS,Samsung
MLA1147020858,Smart Tv Samsung Series 7 Un50au7000gczb Led 4k 50  C,288828.0,MLA-TELEVISIONS,Samsung
MLA1128572392,Smart Tv Samsung Series 7 Un50au7000gczb Led 4k 50,212828.0,MLA-TELEVISIONS,Samsung
MLA1368584015,Smart Tv LG 50uq801c0sb Lcd 4k 50 100v/240v,188328.0,MLA-TELEVISIONS,LG
MLA905326045,Smart Tv Rca X50andtv Led Android Tv 4k 50  100v/240v,165999.0,MLA-TELEVISIONS,RCA
MLA1158005024,Smart Tv 55  Bgh Android B5522us6a 4k Uhd,221499.0,MLA-TELEVISIONS,BGH
MLA1370186643,Smart Tv Noblex Dk55x7500pi Led 4k 55'' Con Google Tv,220999.0,MLA-TELEVISIONS,Noblex
MLA1411054128,Smart Tv Led De 50 Tcl L50p735 Uhd 4k Google Tv,164999.0,MLA-TELEVISIONS,TCL
MLA1174435817,Smart Tv Philips 43 4k Uhd Android  Pud7407/77 110v-240v,205529.0,MLA-TELEVISIONS,Philips
MLA1315070631,Smart Tv Noblex 50  4k Uhd Vidaa Hdmi Usb Dk50x6550,185299.0,MLA-TELEVISIONS,Noblex
MLA1159031133,Smart Tv LG Ai Thinq Oled55a1psa Webos 6.0 4k 55  100v/240v,999999.0,MLA-TELEVISIONS,LG
MLA1122529342,Smart Tv Portátil Samsung Series 7 Un55au7000gxug Led Tizen 4k 55  100v/240v,257599.0,MLA-TELEVISIONS,Samsung
MLA1207440588,Smart Tv Noblex Dq50x9500pi Qled 4k 50'' Google Tv,251999.0,MLA-TELEVISIONS,Noblex
MLA1175017722,Tcl P725-series L50p725,180389.0,MLA-TELEVISIONS,TCL
MLA1119750186,Smart Tv 55  Uhd 4k Crystal Hdmi Usb Un55au7000 Samsung,287599.0,MLA-TELEVISIONS,Samsung
MLA1167238862,Televisor Samsung 55  Qled 4k Q65b,433749.0,MLA-TELEVISIONS,Samsung
MLA1431367488,Smart Tv Led LG 75' 75up7760psb 4k Uhd Thinq Ai Hdr10 Pro,509999.0,MLA-TELEVISIONS,LG
MLA1409621588,Smart Tv Samsung 55 Neo Qled 4k Uhd Qn55qn85ba Al Click,699999.0,MLA-TELEVISIONS,Samsung
MLA1184349523,Smart Tv 55 Noblex Dr55x7550 Led Android Google Play,235644.0,MLA-TELEVISIONS,Noblex
MLA1375439264,LG Evo Oled65c2psa,1299000.0,MLA-TELEVISIONS,LG
MLA1361912025,Smart Tv 55 Pulgadas Uled 4k Ultra Hd 55u70g Hisense ,388799.1,MLA-TELEVISIONS,Hisense
MLA927660768,Smart Tv Bgh B5021uh6a 50 Android 4kuhd Netflixyoutubeprime,257064.0,MLA-TELEVISIONS,BGH
MLA1322205896,Smart Tv Philco Pld50hs2250pi Led Hdr 4k 50'',169990.0,MLA-TELEVISIONS,Philco
MLA1421107116,Tv Skyworth 55g3af Frameless Led 4k 55 Pulgadas Sist Android,219799.0,MLA-TELEVISIONS,Skyworth
MLA1411016568,Smart Tv Led De 50 Tcl L50p735 Uhd 4k Google Tv Cts,216518.7,MLA-TELEVISIONS,TCL
MLA1214274372,Smart Tv Bgh B5522us6a Uled 4k 55  220v,325060.0,MLA-TELEVISIONS,BGH
MLA1146563968,43 4k Uhd Smart Tv Android Philips 43pud7407/77 Bluetooth,205809.0,MLA-TELEVISIONS,Philips
MLA1125133615,Samsung Series 7 Qn85q70aag Qn85q70aagxzs,1259999.0,MLA-TELEVISIONS,Samsung
MLA1114306651,Smart Tv Samsung Series 7 Un50au7000gczb Led 4k 50  18,335828.0,MLA-TELEVISIONS,Samsung
MLA1378574093,Smart Tv Philips 6600 Series 50pud6654/77 Led Saphi 4k 50  110v/240v,313950.0,MLA-TELEVISIONS,Philips
MLA1219947504,Smart Tv Rca 65  And65p7uhd Ultra Hd 4k Android Tv 100v/240v,299999.0,MLA-TELEVISIONS,RCA
MLA1110723065,Smart Tv Led 50 Pulgadas Rca And50fxuhd Android 4k Uhd,286998.0,MLA-TELEVISIONS,RCA
MLA1198277070,Smart Tv Philips 55pud7906/77 Led 4k 55  110v/240v,274999.0,MLA-TELEVISIONS,Philips
MLA1367271413,Smart Tv Samsung The Frame Qled 4k 55'' Con Marco Beige,499999.0,MLA-TELEVISIONS,Samsung
MLA1136584861,Sony X80j Series Kd-55x80j,849999.0,MLA-TELEVISIONS,Sony
MLA1378812369,Smart Tv 65'' 4k Uhd Android | Rca | G65p8uhd,293599.0,MLA-TELEVISIONS,RCA
MLA1217052178,Smart Tv Philco Pld55hs2250pi Led 4k 55'',245434.8,MLA-TELEVISIONS,Philco
MLA1382030009,Smart Tv Tcl L50p735 Led Hdr Google Tv 4k 50',241495.0,MLA-TELEVISIONS,TCL
MLA1198406283,Smart Tv Philips 55pud7906/77 Led 4k 55  110v/240v,384999.0,MLA-TELEVISIONS,Philips
MLA1380230189,Led Smart Tv Google Tcl 50'' 4k Uhd L50p735,192809.0,MLA-TELEVISIONS,TCL
MLA1438380642,Smart Tv 50 Bgh 4k Uhd Led Android B5022us6a - Rex,190697.0,MLA-TELEVISIONS,BGH
MLA1160881974,Smart Tv Samsung Qled 55  Series 6 4k Q65b,346999.0,MLA-TELEVISIONS,Samsung
MLA1316629248,Smart Tv Hisense 50u60h Uled 4k 50'' Con Google Tv,239999.0,MLA-TELEVISIONS,Hisense
MLA1151038859,Smart Tv 58  Hyundai Hyled-58uhd5a 4k Ultra Hd,311999.0,MLA-TELEVISIONS,Hyundai
MLA1185006737,Smart Tv Rca And55fxuhd Lcd Android Tv 4k 55  220v - 240v,212289.0,MLA-TELEVISIONS,RCA
MLA1144094660,Smart Tv Tcl P725-series L50p725 Led 4k 50  ,206308.94,MLA-TELEVISIONS,TCL
MLA1402039820,Smart Tv Samsung 55 Neo Qled 4k Uhd Qn55qn85ba Nuevo Gtia,669999.0,MLA-TELEVISIONS,Samsung
MLA1369040719,Smart Tv Kodak We-6xst005 4k 60  220v,216870.0,MLA-TELEVISIONS,Kodak
MLA1150563354,Smart Tv Bgh Led B5022us6a Uhd 4k Android,202999.0,MLA-TELEVISIONS,BGH
MLA1117425885,Smart Tv Led 55  Philips 55pud7406/77 4k Uhd,227799.0,MLA-TELEVISIONS,Philips
MLA1190123702,Smart Tv Samsung 75'' Uhd Serie Un75bu8000,769999.0,MLA-TELEVISIONS,Samsung
MLA1198277111,Smart Tv Philips 55pud7906/77 Led 4k 55  110v/240v,388799.0,MLA-TELEVISIONS,Philips
MLA1364418002,Smart Tv Philips Series 7 65oled707/77 Android 11 4k 65  110v/240v,799999.0,MLA-TELEVISIONS,Philips
MLA1134297827,Televisor Samsung Smart Tv Crystal Uhd 4k 70  Au7000,531249.0,MLA-TELEVISIONS,Samsung
MLA1184407449,Smart Tv 55 Noblex Dr55x7550 Led Android Google Play,306694.0,MLA-TELEVISIONS,Noblex
MLA1372224333,Smart Tv Samsung The Frame Qled 4k 55''  + Marco Beige,582999.0,MLA-TELEVISIONS,Samsung
MLA1164584823,Smart Tv Aoc 50u6295/77g Led 4k 50  220v,190399.0,MLA-TELEVISIONS,AOC
MLA1167761126,Smart Tv Led 50 Bgh B5022uk6 Ultra Hd Netflix Youtube 220v,168234.55,MLA-TELEVISIONS,BGH
MLA1408954198,Smart Tv Noblex Dk65x7500 Led Google Tv 4k 65  220v,348600.0,MLA-TELEVISIONS,Noblex
MLA1231798406,Smart Tv Kanji Kj-6xst005 Led 4k 60  220v - 240v,285075.0,MLA-TELEVISIONS,Kanji
MLA1458169314,Smart Tv 55 Pulgadas 4k Ultra Hd Cdh-le554ksmart21 F - Hitachi,239998.0,MLA-TELEVISIONS,Hitachi
MLA1319289347,"LG Uhd Thinq Ai 86'' Uq9050 4k Smart Tv, 4k",1088998.9,MLA-TELEVISIONS,LG
MLA1368841439,Smart Tv Noblex Dk50x6550pi Led Hdr 4k 50'' Vidaa,189999.0,MLA-TELEVISIONS,Noblex
MLA1146594507,43 4k Uhd Smart Tv Android Philips 43pud7407/77 Bluetooth,235809.0,MLA-TELEVISIONS,Philips
MLA1380217363,Smart Tv Led 55'' Tcl L55p735 4k Ultra Hd,312199.0,MLA-TELEVISIONS,TCL
MLA1330727574,Smart Tv Led 50  LG 50uq8050 Uhd,284999.0,MLA-TELEVISIONS,LG
MLA1287067287,Smart Tv Samsung Series 6 Qn55q65bagczb 55 Pulgadas Qled 4k,346999.0,MLA-TELEVISIONS,Samsung
MLA1381078535, Led Smart Aoc 50 50u6295/77g Netflix Youtube Tv 4k Pcreg,188279.0,MLA-TELEVISIONS,AOC
MLA1367375353,Smart Tv Samsung 55 Pulgadas Neo Qled 4k Qn55qn85bagczb,599999.0,MLA-TELEVISIONS,Samsung
MLA1233172153,Smart Tv Philips 43 4k Uhd Android  Pud7407/77 110v-240v,205529.0,MLA-TELEVISIONS,Philips
MLA931223400,Smart Tv Kanji 60 Pulgadas 4k Uhd Wifi Netflix Youtube Tda !,399999.0,MLA-TELEVISIONS,Kanji
MLA1131833519,Smart Tv Samsung Series 7 Un50au7000gczb Led 4k 50  ,222431.83,MLA-TELEVISIONS,Samsung
MLA1439409050,Smart Tv LG 55 Pulgadas 55nano80sqa Led 4k Uhd Webos 22,414999.0,MLA-TELEVISIONS,LG
MLA1152308811,Televisor Philips 50  4k Android Tv,443329.0,MLA-TELEVISIONS,Philips
MLA1273977963,Smart Tv Philips 7000 Series 50pud7406/77 Led 4k 50  ,229875.0,MLA-TELEVISIONS,Philips
MLA1113770743,Led Tv Philips 55  Pud7406/77 Android Smart Netflix Prime 4k,415616.07,MLA-TELEVISIONS,Philips
MLA1112131010,Smart Tv Samsung 85 Qn85q70aagczb Qled 4k Al Click Nuevo,1259999.0,MLA-TELEVISIONS,Samsung
MLA1147452735,Smart Tv Samsung Series 7 Un70au7000gxzs Led Tizen 4k 70  100v/240v,439998.9,MLA-TELEVISIONS,Samsung
MLA1368889155,Smart Tv LG Uhd 43uq8050psb Thinq Ai 43,200699.0,MLA-TELEVISIONS,LG
MLA1417028870,Smart Tv Qled 4k 55 Samsung Qn85b Qn55qn85ba 120hz Dolby Csi,809999.0,MLA-TELEVISIONS,Samsung
MLA1262051381,Smart Tv 55  Noblex 4k Uhd Google Tv Dk55x7500,227999.0,MLA-TELEVISIONS,Noblex
MLA1106919674,Smart Tv Tcl P-series 55p715 Dled Android Tv 4k 55  100v/240v,282162.89,MLA-TELEVISIONS,TCL
MLA1428579206,Tcl Led 55  L55p735 Uhd Google Tv-rv,237167.0,MLA-TELEVISIONS,TCL
MLA1377005105,Smart Tv Samsung The Frame Qled 4k + Marco 65'' Beige,769999.0,MLA-TELEVISIONS,Samsung
MLA1116126142,Samsung Q60a Smart Tv Qled 55 4k Qn55q60aagczb _ap,567936.2,MLA-TELEVISIONS,Samsung
MLA1469483326,Smart Tv 50 Bgh 4k Uhd Led Android B5022us6a Android,167999.0,MLA-TELEVISIONS,BGH
MLA897814087,Smart Tv Hitachi Cdh-le504ksmart20 Led Android Tv 4k 50  110v/240v,221998.0,MLA-TELEVISIONS,Hitachi
MLA1219866235,Televisor Samsung 43  Neo Qled 4k Qn90b,509999.0,MLA-TELEVISIONS,Samsung
MLA1349038611,Samsung The Frame Qn55ls03aagc Qn55ls03aagczbc,574998.85,MLA-TELEVISIONS,Samsung
MLA1417713300,Samsung Series 8 Qn55q80aag Qn55q80aagczb,856978.97,MLA-TELEVISIONS,Samsung
MLA1469496384,Smart Tv Led 55  Bgh B5522us6a Android Ultra Hd Premium,281999.0,MLA-TELEVISIONS,BGH
MLA1381454163,Smart Tv Motorola Mt50g22 Led Full Hd 50  220v,202449.0,MLA-TELEVISIONS,Motorola
MLA1144078203,Smart Tv Philips 70pud7906/77,391039.0,MLA-TELEVISIONS,Philips
MLA1346619293,Smart Tv Samsung Series 6 Qn55q65bagczb Qled 4k 55 ,447999.0,MLA-TELEVISIONS,Samsung
MLA1403138558,Smart Tv Hisense 9155a64h Led Vidaa 4k 55  55a64h,204799.0,MLA-TELEVISIONS,Hisense
MLA1139022641,Smart Tv Noblex Dm55x7550 Led 4k 55  220v,271000.0,MLA-TELEVISIONS,Noblex
MLA1230823244,Smart Tv Noblex 50  4k Uhd Google Tv Netflix Youtube Star+,188999.0,MLA-TELEVISIONS,Noblex
MLA1368839735,Smart Tv LG Ai Thinq 60uq8050psb Led Webos 22 4k 60 ,299999.0,MLA-TELEVISIONS,LG
MLA1214578377,Smart Tv Samsung Qn65q65bagxzd Qled Tizen 3d 4k 65  100v/240v,472999.0,MLA-TELEVISIONS,Samsung
MLA1179025035,Smart Tv Hitachi Cdh-le554ksmart20 Led Android Tv 4k 55  100v/240v,328320.0,MLA-TELEVISIONS,Hitachi
MLA1410732210,Smart Tv Samsung Frame 55 Pulgadas Qled 4k Qn55ls03ba Nuevo,599999.0,MLA-TELEVISIONS,Samsung
MLA1156352497,Smart Tv 4k Uhd Mini Qled 55 Tcl L55c825 120hz Google Tv Prm,1199999.0,MLA-TELEVISIONS,TCL
MLA1428902804,Televisor Tcl Led L50p735 Uhd Google Tv-so,224999.0,MLA-TELEVISIONS,TCL
MLA1421815146,Smart Noblex 50  91dk50x6550pi 4k Sistema Vidaa,173999.0,MLA-TELEVISIONS,Noblex
MLA1382953983,Tv 50 4k LG,300000.0,MLA-TELEVISIONS,LG
MLA1442093516,Smart Tv 65 Pulgadas Skyworth 4k Uhd Android Tv Frameless,314799.0,MLA-TELEVISIONS,Skyworth
MLA931224936,Smart Tv Kanji 60 Pulgadas 4k Uhd Wifi Netflix Youtube Tda,259999.0,MLA-TELEVISIONS,Kanji
MLA1156571979,Smart Tv Rca And55fxuhd Lcd 4k 55  220v - 240v,217899.0,MLA-TELEVISIONS,RCA
MLA908642146,Televisor Smart Tv Rca X50andtv Led 4k 50  100v/240v,211823.89,MLA-TELEVISIONS,RCA
MLA1147827344,Smart Tv Tcl 75 Pulgadas Google Tv L75p725 4k Uhd Serie P725,545499.0,MLA-TELEVISIONS,TCL
MLA1179615538,Smart Tv Noblex Dr55x7550pi Led 4k Uhd 55  Android Tv,229999.0,MLA-TELEVISIONS,Noblex
MLA1156345592,Televisor Samsung 75  Crystal Uhd Bu8000,787499.0,MLA-TELEVISIONS,Samsung
MLA1126440000,Smart Tv Kanji Kj-50st005 Led 4k 50  Uhd Tv Hdmi Tda,175995.0,MLA-TELEVISIONS,Kanji
MLA1442075412,Smart Tv Rca And50p6uhd Google Tv 4k 50 Bluetooth Chromecast,175999.0,MLA-TELEVISIONS,RCA
MLA1464195644,Smart Tv LG Ai Thinq 70uq8050psb Led Webos 22 4k 70  100v/240v,543999.0,MLA-TELEVISIONS,LG
MLA1381814029,Smart Tv 55  Rca 4k Uhd And55p6uhd Google Tv,277335.0,MLA-TELEVISIONS,RCA
MLA1413465088,Smart Tv Philco Predicta Tv5521 Oled 4k Hdr 55'' 120hz,599999.0,MLA-TELEVISIONS,Philco
MLA899956213,Smart Tv Aoc 50u6295/77g Led 4k 50 ,195930.78,MLA-TELEVISIONS,AOC
MLA1468925698,Smart Tv Marca Skyworth 55g3af Frameless Led 4k 55 Android,292962.0,MLA-TELEVISIONS,Skyworth
MLA1217355842,Smart Tv Noblex 55  91dr55x7550 4k Negro,219990.0,MLA-TELEVISIONS,Noblex
MLA1162604078,Smart Tv Kanji 9809b Dled 4k 60  220v,285075.0,MLA-TELEVISIONS,Kanji
MLA1377592259,Candy 55sv1200,229900.0,MLA-TELEVISIONS,Candy
MLA1112091907,Smart Tv Samsung 85 Qn85q70aagczb Qled 4k Techcel Ahora 18,1699999.0,MLA-TELEVISIONS,Samsung
MLA1133883184,Smart Tv 55 Philips 4k 7000 Series 55pud7406|77,330999.0,MLA-TELEVISIONS,Philips
MLA1420393820,Smart Tv Philips 50  4k Android 7400 Series 50pud7406/77,192498.9,MLA-TELEVISIONS,Philips
MLA1316656010,Smart Tv Hisense 55a64h Led 4k 55'',204999.0,MLA-TELEVISIONS,Hisense
MLA1381446371,Smart Tv Motorola Mt50g22 Led Full Hd 50  220v,288448.0,MLA-TELEVISIONS,Motorola
MLA1346254437,Smart Tv Samsung Series 6 Qn55q65bagczb Qled 4k 55 ,357999.0,MLA-TELEVISIONS,Samsung
MLA1220624848,Smart Tv Noblex 50 Dk50x7500 Android 4k Uhd,240617.0,MLA-TELEVISIONS,Noblex
MLA1379644915,Smart Tv Tcl 50 Pulgadas Android Tv L50p735-f 4k Hdr Otero,200338.94,MLA-TELEVISIONS,TCL
MLA1199979125,Smart Tv Bgh B5522us6a Uled 4k 55  Android Tv,208093.0,MLA-TELEVISIONS,BGH
MLA1176210357,Smart Tv Hitachi Cdh-le504ksmart20 Led 4k 50  110v/240v,280281.6,MLA-TELEVISIONS,Hitachi
MLA1266814618,Smart Tv Philips 7000 Series 50pud7406/77 Led 4k 50 Pulgadas,175759.0,MLA-TELEVISIONS,Philips
MLA1281945290,Smart Tv Samsung Series 6 Qn55q65bagczb Qled 4k 55  220v,479399.0,MLA-TELEVISIONS,Samsung
MLA1151003235,Smart Tv Led Uhd 4k 55 Bgh B5522us6a Android Tv Cuo,337019.0,MLA-TELEVISIONS,BGH
MLA1126678413,Smart Tv Philips 7000 Series 55pud7406/77 Led 4k 55  ,263849.0,MLA-TELEVISIONS,Philips
MLA1365347477,Smart Tv Led 50  4k L50p735 Go - Tcl,208999.0,MLA-TELEVISIONS,TCL
MLA1138334413,Smart Tv Philips 7000 Series 50pud7406/77 Led 4k 50  ,178750.0,MLA-TELEVISIONS,Philips
MLA1469344172,Smart Tv Led 55  Bgh B5522us6a Android Ultra Hd,203999.0,MLA-TELEVISIONS,BGH
MLA1461480846,Led Smart Tv Google Tcl 50'' 4k Uhd L50p735,269899.0,MLA-TELEVISIONS,TCL
MLA1374885739,Smart Tv 50  Philips 50pud7406/77 Android Negro Envio Gratis,307083.18,MLA-TELEVISIONS,Philips
MLA1214139078,Smart Tv Bgh B5522us6a Uled 4k 55  220v,250198.0,MLA-TELEVISIONS,BGH
MLA1447637054,Smart Tv Tcl 50  4k Hdr Google Tv L50p735-f 220v,225255.0,MLA-TELEVISIONS,TCL
MLA1192719333,Smart Tv Philips Series 50pud7406/77 Led 4k 50 Cuotas,247229.0,MLA-TELEVISIONS,Philips
MLA1362257380,Smart Tv 50  Bgh 4k B5022us6a Android Tv Hdmi Ultra Hd Negro,323999.1,MLA-TELEVISIONS,BGH
MLA1372025286,Hitachi Cdh-le654ksmart24-f,362964.02,MLA-TELEVISIONS,Hitachi
MLA1377017539,Smart Tv 55  4k LG Ai Thinq 55nano80spa Led Webos 6.0,340999.0,MLA-TELEVISIONS,LG
MLA1470618174,Smart Tv Samsung 55'' Qn55ls03bagczbc Frame Art Mode Qled 4k Uhd Marron,581999.0,MLA-TELEVISIONS,Samsung
MLA1387433580,Smart Tv 50  4k Uhd LG Uq8050 Thinq Ai - Rex,318123.0,MLA-TELEVISIONS,LG
MLA1466114376,Smart Tv 50  Hisense Led 4k-uhd 50a641gsv Negro Envio Gratis,242999.0,MLA-TELEVISIONS,Hisense
MLA1374121933,Smart Tv Led Philips 65 4k Android Tv Google Assistant Apps,281600.0,MLA-TELEVISIONS,Philips
MLA1400357814,Smart Tv LG 43uq8050psb 43 Pulgadas Ultra Hd 4k Ai Thinq,196574.44,MLA-TELEVISIONS,LG
MLA1151649334,Samsung Series 7 Qn65q70aa Qn65q70aagczb,554990.0,MLA-TELEVISIONS,Samsung
MLA1380280123,Smart Tv Led 55'' Tcl L55p735 4k Ultra Hd,222999.0,MLA-TELEVISIONS,TCL
MLA1265357494,Smart Tv Samsung Series 7 Un55au7000gczb Led 4k 55,292999.0,MLA-TELEVISIONS,Samsung
MLA1409171356,Smart Tv Led 50  4k L50p735 Go - Tcl,222589.0,MLA-TELEVISIONS,TCL
MLA1410414374,LG Evo Oled77c2psa,1999999.0,MLA-TELEVISIONS,LG
MLA1221199119,Smart Tv Kanji Kj-50st005 Led 4k 50  100v/240v,184798.8,MLA-TELEVISIONS,Kanji
MLA1362084142,Samsung 55  The Frame Art Mode 4k Smart Tv Ls03b Blanco,499999.0,MLA-TELEVISIONS,Samsung
MLA1459846782,Smart Tv Hitachi Cdh-le554ksmart26 55  4k,285449.0,MLA-TELEVISIONS,Hitachi
MLA1125933794,Smart Tv Enova 50d1u-tdf 4k 50 ,177149.0,MLA-TELEVISIONS,Enova
MLA1174597030,Smart Tv Philips 43 4k Uhd Android  Pud7407/77 110v-240v,284899.0,MLA-TELEVISIONS,Philips
MLA1373153082,Smart Tv Samsung Series 6 Qn55q65bagczb Qled 4k 55  220v,427059.0,MLA-TELEVISIONS,Samsung
MLA1461493856,Smart Tv Led 55'' Tcl L55p735 4k Ultra Hd,225229.0,MLA-TELEVISIONS,TCL
MLA1372396417,Smart Tv LG Ai Thinq 43uq8050psb Lcd Webos 4k 43  100v/240v,186999.0,MLA-TELEVISIONS,LG
MLA1459846766,Smart Tv Hitachi Cdh-le554ksmart26 55  4k,229363.0,MLA-TELEVISIONS,Hitachi
MLA1333414650,Smart Tv Tcl L55p735 Led 55  4k Ultra Hd Google Tv-rv,221039.17,MLA-TELEVISIONS,TCL
MLA1412834662,Smart Tv Samsung The Frame Serie B '23 4k 65'' + Marco Nogal,649999.0,MLA-TELEVISIONS,Samsung
MLA1435327690,Smart Tv Noblex Dk65x7500 Led Google Tv 4k 65,363999.0,MLA-TELEVISIONS,Noblex
MLA1365900659,Smart Tv 55  LG 4k Oled Evo Oled55c2psa Ai Thinq 4 Hdmi ,1133999.1,MLA-TELEVISIONS,LG
MLA1423139808,Smart Tv Rca 50 Pulgadas Android And50p6uhd-f Uhd 4k Otero,188358.94,MLA-TELEVISIONS,RCA
MLA1468556686,Smart Tv Noblex Dk55x7500pi Led 4k 55'' Con Google Tv,363937.5,MLA-TELEVISIONS,Noblex
MLA1253978919,Smart Tv Philips 50  50pud7406 Android Tv. Color Negro,324812.92,MLA-TELEVISIONS,Philips
MLA1428726392,Smart Tv Tcl 55 Pulgadas L55c835 4k Serie C835 144hz,441699.0,MLA-TELEVISIONS,TCL
MLA1198725835,Smart Tv Philips 65pud7906/77 Led 4k 65  110v/240v,329999.0,MLA-TELEVISIONS,Philips
MLA1268099744,Smart Tv Hitachi Cdh-le654ksmart22 Led Android Pie 4k 65  100v/240v,399990.0,MLA-TELEVISIONS,Hitachi
MLA1133466937,Smart Tv Sony A80j Series Xr-65a80j Oled Android Tv 4k 65  110v/240v,1569998.99,MLA-TELEVISIONS,Sony
MLA1240736522,Televisor Samsung Qled 4k Smart Tv 65 Q65b,591249.0,MLA-TELEVISIONS,Samsung
MLA1434438920,Smart Tv Rca Google 50  Ultra Hd 4 K Android Youtube Netflix,229800.0,MLA-TELEVISIONS,RCA
MLA1218951978,Smart Tv LG 86uq9050psc De 86 Pulgadas 4k Real Uhd Ai Thinq,999999.0,MLA-TELEVISIONS,LG
MLA1117406408,Smart Tv Led 55  Philips 55pud7406/77 4k Uhd A12,300799.0,MLA-TELEVISIONS,Philips
MLA1123290116,Smart Tv Samsung Series 7 Un55au7000gczb Led 4k 55 ,254165.11,MLA-TELEVISIONS,Samsung
MLA1364516337,Smart Tv Tcl Led 55 L55p735 Uhd Google Tv-rv,247999.0,MLA-TELEVISIONS,TCL
MLA1421681254,Smart Tv Hisense 65u60h Google Tv 4k 65  220v,377299.0,MLA-TELEVISIONS,Hisense
MLA1356368455,Smart Tv Samsung Crystal Uhd Un65bu8000gxzd Led 4k 65p Nuevo,549999.0,MLA-TELEVISIONS,Samsung
MLA1448042032,Noblex Dk65x6500,339999.0,MLA-TELEVISIONS,Noblex
MLA1220774027,Smart Tv Noblex 50 Led Dk50x7500 4k Android,202999.0,MLA-TELEVISIONS,Noblex
MLA1439344252,Smart Tv Samsung The Frame Qn65ls03bakxzl Qled Tizen 4k 65  100v/240v,799999.0,MLA-TELEVISIONS,Samsung
MLA1381211723,Tv Led Smart 60p 4k 6xst005 Crown Mustang,207637.0,MLA-TELEVISIONS,Crown Mustang
MLA903925295,Smart Tv Portátil Bgh B5018uh6 Led Ginga 4k 50  100v/240v,185000.0,MLA-TELEVISIONS,BGH
MLA1242318888,Smart Tv Noblex Dk55x7500pi Led 4k 55'' Con Google Tv,243890.76,MLA-TELEVISIONS,Noblex
MLA1380832195,Smart Tv Tcl 50  4k Hdr Google Tv L50p735-f 220v,296429.34,MLA-TELEVISIONS,TCL
MLA1376470939,Smart Tv LG 70  Uhd Smart Hdr 70un7750,475999.0,MLA-TELEVISIONS,LG
MLA1158008688,Samsung 75  Crystal Uhd Bu8000,629999.0,MLA-TELEVISIONS,Samsung
MLA1129957327,Smart Tv Samsung Un75au8000gxzd Led Tizen 4k 75  100v/240v,1247546.0,MLA-TELEVISIONS,Samsung
MLA1179022874,Smart Tv Samsung Series 7 Un50au7000gczb 4k 50 Cuo,321949.0,MLA-TELEVISIONS,RCA
MLA1427458610,Smart Tv Rca G65p8uhd 65 Pulgadas 4k Uhd Google Tv Android,299999.0,MLA-TELEVISIONS,BGH
MLA1151015487,Smart Tv Led Uhd 4k 55 Bgh B5522us6a Android Tv,245999.0,MLA-TELEVISIONS,Philips
MLA1233455474,Tv Smart Philips Led 75  Pud8507 Ultra Hd 4k,655489.0,MLA-TELEVISIONS,Noblex
MLA1470488368,Smart Tv Noblex Dq50x9500pi Qled 4k 50'' Con Google Tv,180000.0,MLA-TELEVISIONS,Philips
MLA1391754870,Smart Tv Philips 7000 Series 50pud7406/77 Android 10 4k 50,213999.0,MLA-TELEVISIONS,Noblex
MLA1220774046,Smart Tv Noblex 50 Led Dk50x7500 4k Android Cuo,278109.0,MLA-TELEVISIONS,Samsung
MLA1275676516,Smart Tv Samsung 65  Qled 4k Q65b Qn65q65bagczb - Rex,665935.0,MLA-TELEVISIONS,Noblex
MLA1243341610,Smart Tv Noblex Dk50x7500 50  Led 4k Ultra Hd,192645.4,MLA-TELEVISIONS,Motorola
MLA1264011848,Smart Tv Motorola 50 Led Mt50y003a1b 4k Android Tv Cuo,290439.0,MLA-TELEVISIONS,Noblex
MLA1264897803,Smart Tv Noblex Dk75x7500 Led 4k 75  220v Cuo,723359.0,MLA-TELEVISIONS,RCA
MLA1166205690,Smart Tv Rca Google 65 Ultra Hd 4k Android Youtube Netflix,413599.0,MLA-TELEVISIONS,Philips
MLA1361940453,Smart Tv 50 Philips Led Pud 7406/77 4k,195280.0,MLA-TELEVISIONS,Hisense
MLA1215293081,Smart Tv Hisense 55 Led 55a64h 4k Uhd Vidaa,241999.0,MLA-TELEVISIONS,RCA
MLA904841237,Smart Tv Rca X65andtv Led Android Tv 4k 65  100v/240v,289899.0,MLA-TELEVISIONS,LG
MLA1371768055,Smart Tv LG Ai Thinq 65nano80sqa Lcd Webos 22 4k 65  100v/240v,432299.0,MLA-TELEVISIONS,Noblex
MLA1223592695,Smart Tv Noblex 65  Dk65x6550 4k Ultra Hd,349599.0,MLA-TELEVISIONS,Philips
MLA1128259345,Led Tv Philips 65  Pud7906/77 Smart Android 4k Ambilight,343999.0,MLA-TELEVISIONS,TCL
MLA1380868223,Smart Tv Tcl 50  4k Hdr Google Tv L50p735-f 220v,214746.59,MLA-TELEVISIONS,Noblex
MLA1395769798,Tv Noblex 50  Dk50x7500 Android 4k ,186998.9,MLA-TELEVISIONS,Samsung
MLA1249078116,Smart Tv Samsung Neo Qled 4k 65  Qn65qn85bagczb,766999.0,MLA-TELEVISIONS,Samsung
MLA1198286157,Smart Tv Samsung Neo Qled Qn55qn85bagczb 4k 55,659999.0,MLA-TELEVISIONS,Motorola
MLA1369470835,Smart Tv 55'' Motorola | Mt55g22 | 4k | Uhd ,184250.0,MLA-TELEVISIONS,Philips
MLA1123962962,Smart Tv Philips 7000 Series 50pud7406/77 Led 4k 50  ,195750.0,MLA-TELEVISIONS,RCA
MLA1434373872,Smart Tv Rca And50p6uhd-f Led Google Tv 4k 50  100v/240v,229800.0,MLA-TELEVISIONS,RCA
MLA1427452744,Smart Tv 4k 65 Pulgadas Rca G65p8uhd Uhd Android Google Tv,413999.0,MLA-TELEVISIONS,Samsung
MLA1371023989,Smart Tv Samsung Series 6 Qn55q60aagczb Qled Tizen 4k 55  ,359948.32,MLA-TELEVISIONS,Samsung
MLA1371627343,Smart Tv Samsung Series 7 Un70au7000gczb Led 4k 70 220v-240v,420999.0,MLA-TELEVISIONS,Noblex
MLA1369480653,Smart Tv 75'' Noblex | Dk75x7500 | 4k | Uhd,434650.0,MLA-TELEVISIONS,Sony
MLA1133518570,Smart Tv Sony X80j Series Kd-65x80j Lcd Android Tv 3d 4k 65  110v/240v,909999.0,MLA-TELEVISIONS,Samsung
MLA1327396607,Smart Tv Samsung Crystal Uhd Un65bu8000gxzd Led 4k 65p Nuevo,549999.0,MLA-TELEVISIONS,Samsung
MLA1275762394,Smart Tv 4k 65 Samsung Crystal Bu8000 Un65bu8000 Tizen Csi,519999.0,MLA-TELEVISIONS,Samsung
MLA883571619,Samsung Series Q Qn55q60r Qn55q60ragczb,489000.0,MLA-TELEVISIONS,Samsung
MLA1141666234,Smart Tv Samsung Series 7 Led 4k Uhd 55 Pulgadas Rex,341114.0,MLA-TELEVISIONS,Philips
MLA1401582696,Smart Tv Philips 65pud7906/77 Led Android Tv 4k 65  ,369999.0,MLA-TELEVISIONS,Samsung
MLA1239749473,Smart Tv Samsung Neo Qled 4k 55  Qn55qn85bagczb,599999.0,MLA-TELEVISIONS,Noblex
MLA1367912957,Tv Led 4k 50  Noblex Dk50x7500  Uhd Smart Netflix Tda,184332.0,MLA-TELEVISIONS,LG
MLA1161461124,Smart Tv LG Ai Thinq Oled65a1psa Webos 6.0 4k 65  100v/240v,1299990.0,MLA-TELEVISIONS,Hisense
MLA1412903806,Smart Tv Hisense 75u60h Uled Google Tv 4k 75  220v,599999.0,MLA-TELEVISIONS,LG
MLA1369105697,Smart Tv De 75 LG 75up7760psb Ai Thinq Led 4k Uhd Cts,673198.7,MLA-TELEVISIONS,RCA
MLA1377061963,Smart Tv 65'' 4k Uhd Rca G65p8uhd Android Google Chromecast ,322999.0,MLA-TELEVISIONS,TCL
MLA1360601947,Tv Led 4k 55 Tcl L55p735 Ultra Hd Smart Google Tv,215999.0,MLA-TELEVISIONS,LG
MLA1413414520,Smart Tv De 65 LG 65nano80sqa Ai Thinq Webos 22 4k Uhd,479999.0,MLA-TELEVISIONS,TCL
MLA1163099662,Smart Tv Tcl P725-series L50p725 Led 4k 50  Android Tv,182999.0,MLA-TELEVISIONS,Samsung
MLA1199944640,Eq Tv Samsung 75  Neo Qled 4k Serie Qn85b,999999.0,MLA-TELEVISIONS,Philips
MLA1132892172,Smart Tv Philips 7000 Series 55pud7406/77 Led 4k 55  Ranet,214999.0,MLA-TELEVISIONS,TCL
MLA1360763966,Smart Tv Led Tcl 50  L50p735 Google Tv,182999.0,MLA-TELEVISIONS,RCA
MLA1465472464,Smart Tv Rca 50p 4k And50fxuhdf Android Tv,220230.0,MLA-TELEVISIONS,LG
MLA1369026103,Smart Tv De 70 LG 70uq8050psb Ai Thinq Led Webos 4k Uhd,419999.0,MLA-TELEVISIONS,Hisense
MLA1381577749,Smart Tv Led Hisense 50a64h Uhd 50 Vidaa,194999.0,MLA-TELEVISIONS,Samsung
MLA1179562775,Smart Tv Samsung Series 7 Un50au7000gczb Led 4k 50,234999.0,MLA-TELEVISIONS,Kodak
MLA1292496564,Smart Tv 60 Pulgadas Kodak Ultra Hd 4k Led Tv We-6xst005,229998.0,MLA-TELEVISIONS,Philips
MLA1159879357,Smart Tv Philips 75 Pulgadas 75pud8507 Android Uhd 4k,573458.94,MLA-TELEVISIONS,Samsung
MLA1371101698,Smart Tv Samsung Crystal Uhd Un65bu8000gxzd Led,374999.0,MLA-TELEVISIONS,Philips
MLA1139208470,Smart Tv Philips 65pud7906/77 Led 4k 65  110v/240v,452419.0,MLA-TELEVISIONS,Noblex
MLA1468423160,Smart Tv Led Noblex Dk75x7500 4k 75'' Google Tv Netflix,808500.0,MLA-TELEVISIONS,Hisense
MLA1316655115,Smart Tv Hisense 75u60h Uled 4k 75'' Con Google Tv,549999.0,MLA-TELEVISIONS,Philips
MLA1365333019,Smart Tv Philips 65pud7906/77 Led Android Tv 4k 65,393999.0,MLA-TELEVISIONS,Samsung
MLA1366946177,Smart Tv Samsung 65 Pulgadas Neo Qled 8k Qn65qn700bgczb,1199999.0,MLA-TELEVISIONS,Philips
MLA1185173299,Tv Smart Philips Led 75  Pud8507 Ultra Hd 4k,648999.0,MLA-TELEVISIONS,TCL
MLA1179556688,Smart Tv Tcl P725-series L50p725 Led 4k 50  220v - 240v,231999.0,MLA-TELEVISIONS,Philips
MLA1420052598,Smart Tv 75  Philips Uhd 4k,773999.0,MLA-TELEVISIONS,Samsung
MLA1381440311,Televisor Samsung 55  Bea-h Crystal Uhd 4k Business Tv,299999.0,MLA-TELEVISIONS,Samsung
MLA1276068761,Smart Tv 4k Uhd 65 Samsung Crystal Bu8000 Un65bu8000 Prm,739999.0,MLA-TELEVISIONS,BGH
MLA1150580687,Smart Tv Bgh Led B5022us6a Uhd 4k Android Cuo,278109.0,MLA-TELEVISIONS,Samsung
MLA1287496857,Smart Tv Samsung Crystal Uhd Un65bu8000gxzd Led,372736.16,MLA-TELEVISIONS,Samsung
MLA1374258717,Smart Tv Samsung The Frame Qn65ls03aagczbb Qled Tizen 4k 65  100v/240v,1230535.8,MLA-TELEVISIONS,RCA
MLA1166205677,Smart Tv Rca Google 65 Ultra Hd 4k Android Youtube Netflix,295999.0,MLA-TELEVISIONS,Crown Mustang
MLA1362428629,Smart Android Tv Crow Mustang 60 Pulgadas 4k,264831.0,MLA-TELEVISIONS,Samsung
MLA1274430317,Smart Tv 65 Crystal 4k Uhd Samsung Hub Sonido 3d Un65bu8000,384998.9,MLA-TELEVISIONS,TCL
MLA1408978510,Televisor Smart Tv Tcl L50c635 Led 50  4k Ultra Hd Google Tv,203439.17,MLA-TELEVISIONS,RCA
MLA1420469822,Smart Tv Rca 50  Google 4k And50p6uhd-f,227999.0,MLA-TELEVISIONS,Noblex
MLA1291719452,Smart Tv Led Noblex Dk75x7500 4k 75'' Google Tv Netflix ,499999.0,MLA-TELEVISIONS,Samsung
MLA1151456632,Smart Tv Samsung Series7 Un50au7000gczb Led/4k 50  220v-240v,275000.0,MLA-TELEVISIONS,Hisense
MLA1301648799,Smart Tv Laser Hisense 100l9g 100  4k Hdr10,2700000.0,MLA-TELEVISIONS,Skyworth
MLA1382609965,Smart Tv Skyworth 75  Led 4k Uhd Frameless Google Tv,781140.0,MLA-TELEVISIONS,RCA
MLA1260017199,Smart Tv 50 ,250000.0,MLA-TELEVISIONS,RCA
MLA921730867,Led Smart Rca 55 Uhd 4k Android Tv Bluetooth Hdr Google Play,284899.0,MLA-TELEVISIONS,Philips
MLA1290983779,Smart Tv Philips 65pud7906/77 Led 4k 65  110v/240v,408000.0,MLA-TELEVISIONS,BGH
MLA1470717226,Televisor Led 55p Uhd Smart Tv 4k Android B5522us6a Bgh,208600.01,MLA-TELEVISIONS,BGH
MLA1470395194,Smart Tv 50 Bgh 4k  Led Android B5022us6a,187954.85,MLA-TELEVISIONS,Noblex
MLA1382749675,Smart Tv Noblex Dk55x7500 Led 4k 55'' Con Google Tv,241976.01,MLA-TELEVISIONS,LG
MLA1432998950,Smart Tv LG Ai Thinq 70uq8050psb Led Webos 22 4k 70 Pulgadas,710299.0,MLA-TELEVISIONS,Philips
MLA1131174415,Smart Tv Philips 70pud7906/77 Led 4k 70  110v/240v ,431418.94,MLA-TELEVISIONS,Samsung
MLA1246196232,Smart Tv Qled 4k 65 Samsung Qn85b Qn65qn85ba 120hz Dolby Csi,979999.0,MLA-TELEVISIONS,Noblex
MLA1280847676,Led Noblex 65  Dk65x7500 X7 Series Google Tv 4k,471000.0,MLA-TELEVISIONS,Samsung
MLA1367485372,Samsung 65 The Frame Art Mode 4k Smart Tv Ls03b Beige,649999.0,MLA-TELEVISIONS,Samsung
MLA1160355914,Smart Tv Samsung Series 6 Qn55q60aagczb Qled 4k 55 Hdmi/usb,821550.0,MLA-TELEVISIONS,BGH
MLA1380434385,Smart Tv Uhd 4k 65   Bgh Android B6522us6a Cuot,484979.0,MLA-TELEVISIONS,LG
MLA1124818315,Smart Tv LG Ai Thinq 70up7750psb Led 4k 70  100v/240v,430999.0,MLA-TELEVISIONS,TCL
MLA1384676930,Smart Tv Led 50  4k L50p735 Go - Tcl,231999.0,MLA-TELEVISIONS,Samsung
MLA1131338068,Smart Tv Samsung Series 7 Led 4k 50  220v - 240v,249749.0,MLA-TELEVISIONS,LG
MLA927358349,Oled Smart Tv LG 55 Hdr 55bx 4k Con Garantia En Stock Ya!!!!,999999.0,MLA-TELEVISIONS,Samsung
MLA1465375418,Televisor Samsung 55  Bea-h Crystal Uhd 4k Business Tv,249999.0,MLA-TELEVISIONS,Philips
MLA1144090208,Smart Tv Philips 7000 Series 50pud7406/77 Led 4k 50  110v,186989.0,MLA-TELEVISIONS,Philips
MLA1133846024,Smart Tv 55 Philips 4k 7000 Series 55pud7406|77,421999.0,MLA-TELEVISIONS,Skyworth
MLA1442193702,Tv Smart Skyworth 75  Led 4k Uhd Google Tv 75g22f-tdf,499799.0,MLA-TELEVISIONS,Hitachi
MLA1187542601,Smart Tv Hitachi 65  Cdh-le654ksmart24 Google Tv 4k,460983.0,MLA-TELEVISIONS,LG
MLA1411979680,Smart Tv LG Ai Thinq 65nano80spa Lcd Webos 6.0 4k 65 ,459999.0,MLA-TELEVISIONS,Samsung
MLA1442195846,Smart Tv Samsung Series 8 Un75au8000gczb Led Tizen 4k 75  220v - 240v,899999.0,MLA-TELEVISIONS,Noblex
MLA1223518786,Smart Tv 58'' Noblex | Db58x7500 | 4k | Android ,206550.0,MLA-TELEVISIONS,Samsung
MLA1314562203,Smart Tv Samsung 43 Neo Qled 4k Tv Gaming Qn90b - Rex,526268.0,MLA-TELEVISIONS,RCA
MLA1467022232,Smart Tv Rca 65  G65p8uhd 4k Google Tv,664199.0,MLA-TELEVISIONS,Samsung
MLA1295491686,Smart Tv Samsung 75'' Uhd Serie Un75bu8000,692998.9,MLA-TELEVISIONS,Philips
MLA1143715379,Smart Tv Philips 7000 Series 50pud7406/77 Led 4k 50  _ap,331012.5,MLA-TELEVISIONS,TCL
MLA908615269,Smart Tv Tcl L55c2 Led Android Tv 4k 55  100v/240v,268940.0,MLA-TELEVISIONS,Noblex
MLA1137733161,Smart Tv Noblex Dm50x7550 Led 4k 50  220v _ap,313950.0,MLA-TELEVISIONS,Samsung
MLA1146166457,Smart Tv Samsung Series Q8 Qled 4k 55  100v/240v Stock Ya,699999.0,MLA-TELEVISIONS,Philips
MLA1128246156,Smart Tv Philips 7000 Series 50pud7406/77 Led 4k Android ,224689.0,MLA-TELEVISIONS,Philips
MLA1411002362,Smart Tv Samsung The Frame Qled 4k 55  + Marco 55  Nogal,499999.0,MLA-TELEVISIONS,LG
MLA1124836252,Smart Tv Philips 50pud7406/77 Led Hdr 4k Uhd 50 Android ,224689.0,MLA-TELEVISIONS,TCL
MLA1148479944,Tv Smart LG Nanocell 55 4k 55nano80,366665.0,MLA-TELEVISIONS,RCA
MLA1461443848,Led Smart Tv Google Tcl 50'' 4k Uhd L50p735,192809.0,MLA-TELEVISIONS,Noblex
MLA1370229069,Smart Tv Rca 50  And50p6uhd 4k Google Tv,289250.0,MLA-TELEVISIONS,AOC
MLA1467757604,Smart Tv Noblex 50  91dk50x6550 4k Uhd,164310.0,MLA-TELEVISIONS,TCL
MLA1157328575,Tv Aoc 50 Smart 4k Uhd Wifi Usb X 2   Hdmi X 3 50u6295/77g,174100.0,MLA-TELEVISIONS,Samsung
MLA1448018990,Smart Tv Tcl Led 55  L55p735 Uhd Google Tv-rv,239999.0,MLA-TELEVISIONS,Samsung
MLA1128273981,Smart Tv Samsung 85 Qn85q70aagczb Qled 4k Uhd Nuevo Garantía,1259999.0,MLA-TELEVISIONS,Samsung
MLA1149767812,Smart Tv Samsung Series 7 Un50au7000gczb Led 4k 50 Hdmi/usb,529998.75,MLA-TELEVISIONS,RCA
MLA1117543953,Smart Tv Samsung Series 6 Qn55q60aagczb Qled 4k 55  ,579990.0,MLA-TELEVISIONS,Samsung
MLA921729768,Led Smart Rca 55 Uhd 4k Android Tv Bluetooth Hdr Google Play,218899.0,MLA-TELEVISIONS,Philips
MLA883571618,Smart Tv Samsung Qn55q60aagczb Qled 4k 55 PuLG. Watchcenter,489000.0,MLA-TELEVISIONS,RCA
MLA1123902459,Smart Tv Philips 7000 Series 50pud7406/77 Led 4k 50  ,229500.0,MLA-TELEVISIONS,Hisense
MLA1382331291,Tv 55  Smart  4k Rca,279450.0,MLA-TELEVISIONS,Noblex
MLA1373382731,Smart Tv 65 4k Uled Hisense 65u70g,516779.01,MLA-TELEVISIONS,Hisense
MLA1259974959,Smart Tv Led Noblex Dk50x7500 4k 50'' Google Tv Netflix,191999.0,MLA-TELEVISIONS,BGH
MLA1382009485,Smart Tv Hisense 55  Uhd 4k Hdr 55a64h Bidcom,266999.0,MLA-TELEVISIONS,Skyworth
MLA1360371184,Smart Tv 50  Bgh B5022us6a Ultra Hd 4k Android,183499.0,MLA-TELEVISIONS,LG
MLA1382609869,Smart Tv Skyworth 75 Led Ultra Hd 4k Android Tv,506090.0,MLA-TELEVISIONS,Samsung
MLA1380812379,Smart Tv LG Ai Thinq 43uq8050psb Lcd Webos 4k 43  100v/240v,278783.37,MLA-TELEVISIONS,Philips
MLA1403397140,Tv Samsung 55  Eq Qled 4k Marco Nogal Marron,624999.0,MLA-TELEVISIONS,Noblex
MLA1128240039,Smart Tv Philips 8516 Series 75pud8516/77 Led Android 10 4k 75  110v/240v,589999.0,MLA-TELEVISIONS,Philips
MLA1379927443, Tv Noblex,170000.0,MLA-TELEVISIONS,RCA
MLA1291029042,Smart Tv Philips 65pud7906/77 Led 4k 65  110v/240v,348000.0,MLA-TELEVISIONS,LG
MLA1191808906,Smart Tv Rca And50fxuhd Led 4k 50  100v/240v,187851.0,MLA-TELEVISIONS,Noblex
MLA1128236018,Smart Tv LG Ai Thinq 55nano80spa Led 4k 55  100v/240v,495999.0,MLA-TELEVISIONS,Noblex
MLA1215256888,Smart Tv Noblex Dr55x7550 Led 4k 55'' Con Android Tv,222935.0,MLA-TELEVISIONS,Samsung
MLA1205591617, Smart Tv Noblex Db58x7500 58 Led 4k Android Tv Cuo,363049.0,MLA-TELEVISIONS,LG
MLA1442386236,Smart Tv Samsung Series 8 Un75bu8000g Led 4k 75',749999.0,MLA-TELEVISIONS,MEK
MLA1160004469,Smart Tv LG Ai Thinq 50up7750psb 50   Lcd 4k U-hd  100v/240v,307799.05,MLA-TELEVISIONS,Samsung
MLA826840130,Protector De Pantalla Tv Led Smart 43,9999.0,MLA-TELEVISIONS,Noblex
MLA1149786263,Smart Tv Samsung Series 7 Un50au7000gczb Led 4k 50  Hdmi/usb,362498.75,MLA-TELEVISIONS,Hyundai
MLA1214656342, Smart Tv Noblex Db58x7500 58  Led 4k Android Gtia Oficial,207328.68,MLA-TELEVISIONS,Samsung
MLA1272637389,Smart Tv Hyundai Hyled-58uhd4 4k 58  220v,300149.0,MLA-TELEVISIONS,Hisense
MLA1411002136,Smart Tv Samsung The Frame Qled 4k 55  + Marco 55  Beige,499999.0,MLA-TELEVISIONS,Philips
MLA1316623032,Smart Tv Hisense 65u70g Uled 4k 65',529999.0,MLA-TELEVISIONS,Philips
MLA1435984712,Smart Tv Led Philips 65 4k Android Tv Google Assistant Apps,320000.0,MLA-TELEVISIONS,Samsung
MLA1300917987,Smart Tv Philips 55pud7906/77 Led 4k 55  110v/240v,277749.0,MLA-TELEVISIONS,TCL
MLA1381424513,Smart Tv 65  Led 4 K Samsung Crystal Un65bu8000gxzd Tizen,418941.45,MLA-TELEVISIONS,TCL
MLA1380255293,Led Smart Tv Google Tcl 50'' 4k Uhd L50p735,190899.0,MLA-TELEVISIONS,Samsung
MLA1371998435,Tcl Led 55  L55p735 Uhd Google Tv-rv,237167.0,MLA-TELEVISIONS,LG
MLA1317219928,Smart Tv Samsung Neo Qled 4k Qn55qn85bagczb Qled 4k 55 ,549999.0,MLA-TELEVISIONS,Samsung
MLA1372813625,Smart Tv LG Ai Thinq 43uq8050psb Lcd Webos 4k 43  100v/240v,181999.0,MLA-TELEVISIONS,Noblex
MLA1160375265,Smart Tv Samsung Series 6 Qn55q60aagczb Qled 4k 55  Hdmi/usb,563961.25,MLA-TELEVISIONS,Samsung
MLA1435275600,Smart Tv Noblex Dk65x7500 Led Google Tv 4k 65 Cuo,498679.0,MLA-TELEVISIONS,Samsung
MLA1275708606,Smart Tv Samsung 65  Qled 4k Q65b Qn65q65bagczb,901771.0,MLA-TELEVISIONS,Samsung
MLA1190162292,Tv Smart Samsung 75'' Uhd Serie Un75bu8000,1159999.0,MLA-TELEVISIONS,Hitachi
MLA1194802359,Smart Tv Samsung Series 7 Un50au7000gczb Led 4k 50  Netflix,212684.0,MLA-TELEVISIONS,RCA
MLA1384477880,Smart Tv Hitachi 50 Cdh-le504ksmart26 Google Tv,234999.0,MLA-TELEVISIONS,Samsung
MLA1201587749,Smart Tv Rca And50fxuhd Led 4k 50  100v/240v,223999.0,MLA-TELEVISIONS,LG
MLA1184643105,Smart Tv Samsung Qn55q65bagxzd Qled 4k 55,626999.0,MLA-TELEVISIONS,Samsung
MLA1368826173,Smart Tv LG Uhd 60uq8050psb Thinq Ai 60 Pulgadas,358399.0,MLA-TELEVISIONS,RCA
MLA1112111413,Smart Tv Samsung 85 Qn85q70aagczb Qled 4k Techcel Ahora 12,1599999.0,MLA-TELEVISIONS,LG
MLA1434497328,Smart Tv Rca Google 50  Ultra Hd 4 K Android Youtube Netflix,164995.0,MLA-TELEVISIONS,Samsung
MLA1366461891,Smart Tv LG 75up7760 75 Pulgadas Ultra Hd 4k Ai Thinq,591999.0,MLA-TELEVISIONS,Hisense
MLA1374212429,Smart Tv Samsung Series 6 Qn55q65bagczb Qled Tizen 4k 55  ,412234.8,MLA-TELEVISIONS,Philips
MLA926195489,Smart Tv Hisense H5018uh6 Led 4k 50  100v/240v,179990.0,MLA-TELEVISIONS,Noblex
MLA1146497034,Smart Tv Philips 7000 Series 55pud7406/77 Led 4k 55 Android,223597.92,MLA-TELEVISIONS,LG
MLA1382265115, Smart Tv Noblex Db58x7500 58  Led 4k Android Tv,246500.0,MLA-TELEVISIONS,Samsung
MLA1251371871,Smart Tv LG 70  70up7750 Thinq 4k Hdr Activo. Ultra Hd.,762298.9,MLA-TELEVISIONS,TCL
MLA1381424517,Smart Tv 65 Led 4 K Samsung Crystal Un65bu8000gxzd Tizen,670990.0,MLA-TELEVISIONS,Samsung
MLA1369455287,Smart Tv Led 50  4k L50p735 Go - Tcl,174999.0,MLA-TELEVISIONS,LG
MLA1131311986,Smart Tv Samsung Series 7  Led 4k 50  220v - 240v,207199.0,MLA-TELEVISIONS,TCL
MLA1459848058,Smart Tv LG Ai Thinq 60uq8050psb Led Webos 4k 60 Pulgadas,278999.0,MLA-TELEVISIONS,Samsung
MLA1346680925,Smart Tv Tcl 55  4k Uhd Hdr Google Tv Control De Voz,227999.0,MLA-TELEVISIONS,LG
MLA1417271066,Smart Tv Qled 4k 55 Samsung Qn85b Qn55qn85ba 120hz Dolby Prm,1149999.0,MLA-TELEVISIONS,Philips
MLA1414345906,Led Tv 43 LG 43uq8050psb Smart Ultra Hd Al Thinq,230999.0,MLA-TELEVISIONS,Noblex
MLA1168758478,Smart Tv Philips 7000 Series 55pud7406/77 Led 4k 55  ,287999.0,MLA-TELEVISIONS,Samsung
MLA1191774705,Smart Tv Noblex Dq65x9500pi Qled 4k 65'' Black Series Con Google Tv,385559.89,MLA-TELEVISIONS,Samsung
MLA1175024788,Smart Tv Samsung Series 7 Un50au7000gczb Led 4k 50 ,219959.18,MLA-TELEVISIONS,Samsung
MLA1416949458,Smart Tv Neo Qled 4k 55 Samsung Qn85b Qn55qn85ba 120hz Dolby,599999.0,MLA-TELEVISIONS,BGH
MLA1378116987,Smart Tv 65 Pulgadas 4k Ultra Hd 65bu8000 - Samsung,479605.0,MLA-TELEVISIONS,Philips
MLA1141684914,Smart Tv Samsung Series 7 Un50au7000gczb Led 4k 50 PuLG Rex,281804.0,MLA-TELEVISIONS,Samsung
MLA1438178850,Smart Tv 50 Bgh 4k Uhd Led Android B5022us6a,224649.99,MLA-TELEVISIONS,Kanji
MLA1192719521,Smart Tv Philips Series 50pud7406/77 Led 4k 50  Brg,194989.0,MLA-TELEVISIONS,Noblex
MLA1133405790,Samsung Series 7 55  4k Un55au7000g Un55au7000gczb,303990.0,MLA-TELEVISIONS,RCA
MLA1417033206,Smart Tv Kanji Kj-50st005 Led Android Kitkat 4k,212299.0,MLA-TELEVISIONS,LG
MLA1468449058,Smart Tv Led Noblex Dk75x7500 4k 75'' Google Tv Netflix,588500.0,MLA-TELEVISIONS,Noblex
MLA1156511179,Smart Tv Rca X65andtv Led 4k 65  100v/240v,376799.0,MLA-TELEVISIONS,Samsung
MLA1342790743,Smart Tv LG Ai Thinq 50up7750psb Lcd 4k 50  100v/240v,434999.0,MLA-TELEVISIONS,BGH
MLA1334555982,Smart Noblex 50  91dk50x6550 4k ,184798.8,MLA-TELEVISIONS,Kanji
MLA1134339565,Smart Tv Samsung Series 7 Un65au7000gczb Led 4k 65  _ap,607694.1,MLA-TELEVISIONS,LG
MLA1437353948,Smart Tv 50  Bgh Android 4k Uhd B5022us6a,184699.0,MLA-TELEVISIONS,Samsung
MLA1386095618,Smart Tv Kanji Kj-50st005 Led Android Kitkat 4k 50 ,192329.0,MLA-TELEVISIONS,TCL
MLA1299905472,Led LG 98 Super Ultra Hd 4k Unicos Garantia En Stock Ya!!!!!,9999999.0,MLA-TELEVISIONS,Noblex
MLA1418620002,Smart Tv Samsung 55  Qn55q65bagczb 4k Qled Hdr,719220.47,MLA-TELEVISIONS,Samsung
MLA1380314281,Smart Tv Led 55'' Tcl L55p735 4k Ultra Hd,315299.0,MLA-TELEVISIONS,BGH
MLA1382201387, Smart Tv Noblex Db58x7500 58  Led 4k Android Tv,289000.0,MLA-TELEVISIONS,LG
MLA1327763218,Smart Tv Samsung Crystal Uhd Un65bu8000gxzd Led 4k 65p Cts,699999.0,MLA-TELEVISIONS,B.G.H.
MLA1381496409,Smart Tv ,190000.0,MLA-TELEVISIONS,TCL
MLA1375590127,Smart Tv LG Ai Thinq 43uq8050psb Lcd Webos 4k 43  100v/240v,168499.0,MLA-TELEVISIONS,BGH
MLA1443921034,Smart Tv 65 Bgh Ultra Hd 4k Android,616999.0,MLA-TELEVISIONS,Skyworth
MLA1419142854,Smart Tv Led 50  4k L50p735 Go - Tcl,316708.97,MLA-TELEVISIONS,TCL
MLA1229230007,Smart Tv Bgh B5522us6a 55 PuLG. 4k Ultra Hd Center Hogar,211670.2,MLA-TELEVISIONS,LG
MLA1454475556,Smart Tv Skyworth 75  Led 4k Uhd Frameless Google Tv Cta,549999.0,MLA-TELEVISIONS,Samsung
MLA1154163306,Smart Tv Tcl P725-series L50p725-f Led 4k 50  Uhd Google,495069.0,MLA-TELEVISIONS,Samsung
MLA1119914607,Smart Tv LG Ai Thinq Oled77c1psa Webos 6.0 4k 77  100v/240v,1399999.0,MLA-TELEVISIONS,Noblex
MLA1143681084,Smart Tv Samsung Series 7 Qn65q70aagczb Qled 4k 65  _ap,795113.8,MLA-TELEVISIONS,Samsung
MLA1417712382,Smart Tv Samsung 55  Qn55q65bagczb 4k Qled Hdr ,539416.13,MLA-TELEVISIONS,Samsung
MLA1214689310, Smart Tv Noblex Db58x7500 58 Led 4k Android G Oficial Cuota,266373.36,MLA-TELEVISIONS,Philips
MLA1396123322,Smart Tv 55  Samsung Qled 4k Qn55q65bagczb Quantum Dot,583221.32,MLA-TELEVISIONS,TCL
MLA1433225770,Smart Tv Samsung 55 Pulgadas The Frame Qn55ls03bagczbc Marco,499999.0,MLA-TELEVISIONS,TCL
MLA1420460176,Smart Tv Philips 50  4k Android 7400 Series 50pud7406/77,230998.9,MLA-TELEVISIONS,Enova
MLA1323494821,Smart Tv Tcl L75p735 75 Pulgadas Google Tv 4k Hdr,555499.0,MLA-TELEVISIONS,Zenith
MLA1380303191,Led Smart Tv Google Tcl 50'' 4k Uhd L50p735,267299.0,MLA-TELEVISIONS,Noblex
MLA1405927292,Smart Tv Enova 50 Pulgadas 4k Uhd Android Tv Center Hogar,176390.2,MLA-TELEVISIONS,Philips
MLA926287754,Zenith 55  Led Uhd-4k Smartv Hel-55st4k,250375.0,MLA-TELEVISIONS,BGH
MLA1406810328,Smart Tv Noblex Dk55x7500pi Led 4k 55'' Con Google Tv,225055.0,MLA-TELEVISIONS,TCL
MLA1184780402,Smart Tv Philips 7000 Series 50pud7406/77 Led 4k 50  110/240,233441.01,MLA-TELEVISIONS,LG
MLA1193987480,Smart Tv 50  Bgh B5022us6a Android 4k Uhd,183407.0,MLA-TELEVISIONS,Samsung
MLA1364490719,Smart Tv Tcl Led 55 L55p735 Uhd Google Tv-rv Cuo,339759.0,MLA-TELEVISIONS,LG
MLA1428952466,Smart Tv LG 55nano80sqa Led Webos 22 4k 55 ,421977.0,MLA-TELEVISIONS,Telefunken
MLA1112137377,Smart Tv Samsung 85 Qn85q70aagczb Qled 4k Al Click Ahora 18,1599999.0,MLA-TELEVISIONS,Hitachi
MLA1119655042,Smart Tv LG Ai Thinq 43up7750psb Lcd 4k 43  100v/240v,277929.0,MLA-TELEVISIONS,Noblex
MLA1434387404,Smart Tv 4k Led 50 Pulgadas Telefunken Tk5020uk6 Uhd Hdmi,224900.0,MLA-TELEVISIONS,LG
MLA1442896250,Smart Tv Hitachi Cdh-le504ksmart26-f Google Tv 4k 50  220v,299999.0,MLA-TELEVISIONS,Noblex
MLA1230527670,Smart Tv Noblex 75  4k Uhd Google Tv Netflix Youtube Star+,533799.0,MLA-TELEVISIONS,TCL
MLA1132708032,Smart Tv LG Ai Thinq 55nano80spa Led 4k 55  100v/240v,388999.0,MLA-TELEVISIONS,Noblex
MLA1291832916,Smart Tv 4k Led Noblex 65  Google Dk65x7500,572839.0,MLA-TELEVISIONS,LG
MLA1115958467,Tcl Smart Tv L65p715 Smart Tv Led 65 Uhd Android Negro _ap,658498.1,MLA-TELEVISIONS,B.G.H.
MLA1381970179,Smart Tv Noblex 50  91dk50x6550 4k Uhd,215249.0,MLA-TELEVISIONS,LG
MLA1218990766,Smart Tv LG 86uq9050psc 86 PuLG 4k Real Uhd Ai Thinq ,1319998.7,MLA-TELEVISIONS,Noblex
MLA1443920846,Smart Tv 65 Bgh Ultra Hd 4k Android,482999.0,MLA-TELEVISIONS,Hisense
MLA1381123739,Smart Tv LG Ai Thinq 43uq8050psb Lcd Webos 4k 43 Digiya,237650.0,MLA-TELEVISIONS,Samsung
MLA1159855658,Smart Tv Noblex 50  91dm50x7550 4k Android Tv,363350.0,MLA-TELEVISIONS,Philips
MLA1371112805,Smart Tv Hisense 55 9155a64h,241919.0,MLA-TELEVISIONS,Enova
MLA1150675109,Smart Tv Samsung Smart Series 7 Uhd 4k 50 Pulgadas Au7000,438756.89,MLA-TELEVISIONS,Samsung
MLA1273449373,Philips Oled 77  Android Tv 4k Uhd 77oled807/77,2047539.0,MLA-TELEVISIONS,Samsung
MLA1365603307,Smart Tv Enova 50 Pulgadas 4k Uhd Android Tv Frameless Cta,244999.0,MLA-TELEVISIONS,AOC
MLA1382712803,Televisor Led Crystal 75p Uhd Smart Tv Un75bu800gcz Samsung,897437.12,MLA-TELEVISIONS,RCA
MLA1394818368,Smart Tv Samsung Series 6 Qn55q65bagczb Qled Tizen 4k 55  ,520343.01,MLA-TELEVISIONS,Kodak
MLA1193307604,Smart Tv Aoc 50u6295/77g Led 4k 50  220v,229499.0,MLA-TELEVISIONS,Candy
MLA1157046513,Smart Tv Rca And55fxuhd Lcd 4k 55  220v - 240v,283299.0,MLA-TELEVISIONS,Samsung
MLA1233487068,Smart Tv 60 Pulgadas Kodak Full Hd 4k Led Tv We-6xst005 ,474075.0,MLA-TELEVISIONS,TCL
MLA1217295961,Smart Tv Candy 50  Android 4k 50sv1300,195898.93,MLA-TELEVISIONS,Philips
MLA1229491839,Smart Tv Samsung Series 6 Qn55q60aagczb Qled 4k 55  220v ,370000.0,MLA-TELEVISIONS,Sony
MLA1375903780,Smart Tv Led 50  4k L50p735 Go - Tcl Uhd Google Tv,197330.0,MLA-TELEVISIONS,Samsung
MLA1173847945,Smart Tv Philips 43 4k Uhd Android  Pud7407/77 110v-240v,287699.0,MLA-TELEVISIONS,Samsung
MLA1133505597,Smart Tv Sony Kd-75x80j Lcd Android Tv 4k 75  110v/240v,1209999.0,MLA-TELEVISIONS,RCA
MLA1387165030,Smart Tv Samsung 65 Quantum Tech Neo Qled 4k Qn65qn85bagczb,999999.0,MLA-TELEVISIONS,Telefunken
MLA1368576751,Smart Tv Samsung Frame 55 Pulgadas Qled 4k Qn55ls03ba 6 Cts,719999.0,MLA-TELEVISIONS,Samsung
MLA1363271145,Smart Tv Rca X50andtv 4k 50  100v/240v,211899.0,MLA-TELEVISIONS,Philips
MLA1373705593,Smart Tv Telefunken 50  4k Uhd Tk5022uk6,192064.0,MLA-TELEVISIONS,Kodak
MLA1361683390,Smart Tv Samsung 65  Uhd Bluetooth Wifi Un65bu8000 - Rex,575859.0,MLA-TELEVISIONS,TCL
MLA1391805930,Smart Tv Philips 7000 Series 50pud7406/77 Android 10 4k 50 C,293179.0,MLA-TELEVISIONS,Noblex
MLA1292438486,Smart Tv 60 Pulgadas Kodak Ultra Hd 4k Led Tv We-6xst005,229998.0,MLA-TELEVISIONS,Philips
MLA1283526858,Smart Tv Tcl L50p735 Ultra Hd 4k 50  Google Tv,199960.86,MLA-TELEVISIONS,Philips
MLA1376347103,Smart Tv Noblex Dk65x7500 Led Google Tv 4k 65  220v,358870.98,MLA-TELEVISIONS,Samsung
MLA1439045576,Smart Tv 50  Philips 50pud7406/77 Android Negro Envio Gratis,409444.68,MLA-TELEVISIONS,TCL
MLA1192725447,Smart Tv Philips  Series 50pud7406/77 Led 4k 50  110v/240v,194989.0,MLA-TELEVISIONS,Samsung
MLA1214139254,Smart Tv Samsung 55  Qn55q80aagczb Qled 4k,614100.0,MLA-TELEVISIONS,Samsung
MLA1375944382,Smart Tv Led 50  4k L50p735 Go - Tcl,256813.0,MLA-TELEVISIONS,Samsung
MLA1419641442,Smart Tv Samsung Series 7 Qn85q70aagczb Qled Tizen 4k 85 ,999999.0,MLA-TELEVISIONS,Noblex
MLA1395088106,Smart Tv Samsung Neo Qled 4k Qn55qn85bagczb Tizen 4k 55 ,1012306.44,MLA-TELEVISIONS,Samsung
MLA1399098964,Smart Tv 65 Samsung 4k Uhd Crystal Un65bu8000gczb Negro,621309.47,MLA-TELEVISIONS,LG
MLA1418555272,Smart Tv Noblex 50  91dm50x7550 4k Android Tv,284350.0,MLA-TELEVISIONS,Samsung
MLA1266551375,Smart Tv Samsung Uhd Crystal 75  Serie Bu8000,1013235.0,MLA-TELEVISIONS,RCA
MLA1466017174,Smart Tv LG Ai Thinq 75uq8050psb Lcd Webos 22 4k 75  100v/240v,699990.0,MLA-TELEVISIONS,Samsung
MLA1391804682,Smart Tv Samsung Qled 55 Pulgadas Os Tizen 55q65bagczb 4k,424738.94,MLA-TELEVISIONS,Kanji
MLA1427452202,Smart Tv Rca G65p8uhd 65 Pulgadas 4k Uhd Google Tv Android,299999.0,MLA-TELEVISIONS,Noblex
MLA1468946710,Smart Tv Neo Qled 4k Qn75qn85bagczb Qled Tizen 75  ,800000.0,MLA-TELEVISIONS,Samsung
MLA1214336187,Smart Tv 65 Pulgadas Ultra Hd 4k Con Android Netflix Youtube,626850.0,MLA-TELEVISIONS,LG
MLA1459141324,Smart Tv Noblex 65 Pulgadas Dk65x7500 4k Android Otero Hogar,344498.94,MLA-TELEVISIONS,Candy
MLA1438274288,Smart Tv Samsung 55 Pulgadas Os Tizen 55au7000 4k,289058.94,MLA-TELEVISIONS,Noblex
MLA1375574033,Smart Tv 4k Ultra 65 Led LG Nano Cell Thinq Ai 65nano80sqa,499999.0,MLA-TELEVISIONS,TCL
MLA1237172956,Smart Tv Led Televisor 65 Candy 65gtv1400 Android 4k Wifi,342622.0,MLA-TELEVISIONS,Kanji
MLA1189759805,Smart Tv 65  Uhd 4k Noblex Vidaa Netflix Youtube Prime Video,352399.0,MLA-TELEVISIONS,Philips
MLA1299632300,Smart Tv Tcl P725-series L50p725 Led 4k 50  220v - 240v,193049.0,MLA-TELEVISIONS,TCL
MLA1382478111,Smart Tv Led Uhd 65 Pulgadas Control Por Voz Android Tv 4k,271645.22,MLA-TELEVISIONS,TCL
MLA1143186615,Smart Tv Philips 50pud7406/77 Led 4k 50 Androidtv Uhd,198533.99,MLA-TELEVISIONS,Hitachi
MLA1391733422,Smart Tv Led 50  4k L50p735 Go - Tcl Cuo,286329.0,MLA-TELEVISIONS,LG
MLA1465324302,Smart Tv Tcl 55p Android 4k Uhdl55p615f,229184.0,MLA-TELEVISIONS,LG
MLA1446886710,Smart Tv Led 65  Hitachi Cdh-le654ksmart26-f 4k Google Tv,459999.0,MLA-TELEVISIONS,BGH
MLA1387101944,Smart Tv 50  4k Uhd LG Uq8050 Thinq Ai,430689.0,MLA-TELEVISIONS,Philips
MLA1438176870,Smart Tv LG Ai Thinq 43uq8050psb Lcd Webos 4k 43  100v/240v,199990.0,MLA-TELEVISIONS,LG
MLA932957598,Smart Tv 50  Bgh 4k Uhd B5021uh6a Android Negro 3 Hdmi 2 Usb,279448.85,MLA-TELEVISIONS,TCL
MLA1148779285,Smart Tv Philips 7000 Series 50pud7406/77 Led 4k 50  ,229499.0,MLA-TELEVISIONS,Samsung
MLA1365815041,Smart Tv 50  LG 50up7750 4k Uhd Ai Thinq,342790.82,MLA-TELEVISIONS,Noblex
MLA1124253383,Smart Tv Tcl Series C71 55c715 Qled 4k 55  100v/240v,550779.0,MLA-TELEVISIONS,RCA
MLA1417686278,Smart Tv Samsung Series 8 Led Tizen 4k 65  220v - 240v,531574.97,MLA-TELEVISIONS,Samsung
MLA1418568118,Tv Led 4k 50  Noblex Dk50x7500  Uhd Smart Netflix Tda,262992.47,MLA-TELEVISIONS,RCA
MLA897015663,Televisor Led Smart 55´ Rca X55andtv - Aj Hogar,255925.89,MLA-TELEVISIONS,Samsung
MLA1372275669,Smart Tv Samsung The Frame Qled 4k 55  + Marco 55  Nogal,582999.0,MLA-TELEVISIONS,Samsung
MLA1264219882,Smart Tv Rca And50fxuhd Led 4k 50  100v/240v,179839.0,MLA-TELEVISIONS,Noblex
MLA1214692846,Smart Tv Samsung Series 7 Un65au7000gczb Led 4k 65 ,383899.0,MLA-TELEVISIONS,Philips
MLA1361124303,Smart Tv Samsung 65  Uhd Bluetooth Wifi Un65bu8000 - Rex,449497.0,MLA-TELEVISIONS,Philips
MLA1288029027,Televisor Smart Tv Noblex 65 4k Dk65x6500,329999.0,MLA-TELEVISIONS,LG
MLA1391566486,Smart Tv Philips 65pud7906/77 Led Android Tv 4k 65 Cuo,539779.0,MLA-TELEVISIONS,Noblex
MLA1233591004,Smart Tv Philips 65  Oled Android Tv 4k Oled Uhd,807999.0,MLA-TELEVISIONS,Hyundai
MLA1382405921,Smart Tv LG Al Thinq 70,430000.0,MLA-TELEVISIONS,Samsung
MLA1207491804, Smart Tv Noblex 58 Db58x7500 Led 4k Android Tv Uhd Hdr,255831.33,MLA-TELEVISIONS,RCA
MLA1272850576,Smart Tv Hyundai Hyled-58uhd4 4k 58  220v,217499.0,MLA-TELEVISIONS,TCL
MLA1281241245,Smart Tv Qled Samsung 55  Procesador Quantum 4k Tizen Hdr,434099.0,MLA-TELEVISIONS,Philips
MLA1377049049,Smart Tv 65'' 4k Uhd Rca G65p8uhd Android Google Chromecast ,434999.0,MLA-TELEVISIONS,Samsung
MLA1323494831,Smart Tv Tcl L75p735 75 Pulgadas Google Tv 4k Hdr,777699.0,MLA-TELEVISIONS,Philco
MLA1125635408,Smart Tv Philips 7000 Series 55pud7406/77 Android ,263849.0,MLA-TELEVISIONS,RCA
MLA1144600377, Smart Tv 55  Samsung Crystal 4k Uhd Un55au7000gczb Negro,550799.0,MLA-TELEVISIONS,LG
MLA1136912451,Philco Pld50us21a,175799.0,MLA-TELEVISIONS,Hitachi
MLA1375576767,Smart Tv Rca And50p6uhd Google Tv 4k 50 Bluetooth Chromecast,255999.0,MLA-TELEVISIONS,Philips
MLA1404599484,Smart Tv LG Ai Thinq 60uq8050psb Led Webos 22 4k 60'',389999.0,MLA-TELEVISIONS,Hisense
MLA1375870117,Smart Tv 65 Hitachi 4k Android,586999.0,MLA-TELEVISIONS,LG
MLA1124824118,Smart Tv Philips 70pud7906/77 Led Hdr 4k Uhd 70 Android Tv,539999.0,MLA-TELEVISIONS,RCA
MLA1468578922,Smart Tv 65  Hisense Uled 4k 65u70g Negro Envio Gratis Vidaa,799829.1,MLA-TELEVISIONS,Philips
MLA1372334787,Smart Tv LG Ai Thinq 60uq8050psb Led Webos 22 4k 60 Cuo,508269.0,MLA-TELEVISIONS,Samsung
MLA1418613148,Smart Tv Rca And50p6uhd-f Led Google Tv 4k 50  100v/240v,179839.0,MLA-TELEVISIONS,Samsung
MLA1211236652,Smart Tv Philips 65  Oled Android Tv 4k Oled Uhd,807999.0,MLA-TELEVISIONS,Samsung
MLA1368774561,Smart Tv Samsung 55  Frame Art Mode Qled 4k Uhd Marron Qn55l,499999.0,MLA-TELEVISIONS,Samsung
MLA1297816731,Smart Tv Samsung Neo Qled 4k Qn65qn85bagczb Qled 4k 65  ,1449999.0,MLA-TELEVISIONS,Samsung
MLA1403435572,Tv Samsung 65  Eq Qled 4k Marco Beige,812499.0,MLA-TELEVISIONS,Kanji
MLA1425258400,Smart Tv Samsung Series 6 Qn55q65bagczb Qled Tizen 4k 55 ,390959.0,MLA-TELEVISIONS,Samsung
MLA1393028248,Oled Samsung 55  55s95b Hdr4k Uhd Quantum Nuevas (palermo),1253070.0,MLA-TELEVISIONS,TCL
MLA1385255812,Smart Tv Led Uhd 65 Pulgadas Control Por Voz Android Tv 4k,303598.8,MLA-TELEVISIONS,Samsung
MLA1366959425,Smart Tv Samsung 55 Neo Qled 4k Uhd Qn55qn85ba Nuevo 6 Cts,899999.0,MLA-TELEVISIONS,Skyworth
MLA1452305300,Smart Tv Tcl 50  4k Hdr Google Tv L50p735-f 220v,175999.0,MLA-TELEVISIONS,Samsung
MLA1428232038,Smart Tv Samsung Series 8 Un75bu8000gczb Led Tizen 4k 75    ,999999.0,MLA-TELEVISIONS,Samsung
MLA1370706829,Smart Tv Skyworth 55  55g3af/tdfa 4k Uhd Android Tv,317205.0,MLA-TELEVISIONS,Noblex
MLA1200100413,Eq Tv Samsung 55  Qled 4k Serie Q65b,346999.0,MLA-TELEVISIONS,Hitachi
MLA1428862240,Smart Tv Samsung The Frame Qled 4k 55  + Marco 55  Nogal,499999.0,MLA-TELEVISIONS,Samsung
MLA1204874946,Smart Tv Noblex Dr55x7550pi Led 4k 55'' Con Android Tv,247300.0,MLA-TELEVISIONS,Philips
MLA712696932,Smart Tv 65 4k Uhd Hitachi Cdh-le654ksmart20 Led Android Tv,344995.0,MLA-TELEVISIONS,Samsung
MLA1423027380,Smart Tv Samsung Neo Qled 4k Qn65qn85bagczb Qled Tizen 65  ,768999.0,MLA-TELEVISIONS,Samsung
MLA1136450977,Smart Tv Philips 55  55pud7406/77,285999.0,MLA-TELEVISIONS,LG
MLA1395926324,Televisor Samsung 65  Bea-h Crystal Uhd 4k Business Tv,396999.0,MLA-TELEVISIONS,Telefunken
MLA1163103623,Smart Tv Samsung 55  Qled 4k Qn55q80aagczb _ap,885982.5,MLA-TELEVISIONS,LG
MLA1125727495,Smart Tv LG Ai Thinq 70up7750psb Led 4k 70 Cuo,661709.0,MLA-TELEVISIONS,Philips
MLA1169076951,Smart Tv Telefunken Tkle4918rtux Led 4k 49  110v/240v,330511.1,MLA-TELEVISIONS,Telefunken
MLA1374714081,Smart Tv LG Ai Thinq 70uq8050psb Led Webos 22 4k 70  Jmc,699900.0,MLA-TELEVISIONS,Noblex
MLA1111001819,Smart Tv Led 65  Philips 65pud7906/77 Ambilight Android 4k,368199.0,MLA-TELEVISIONS,Samsung
MLA1373666599,Smart Tv Telefunken 50  4k Uhd Tk5022uk6 - Rex,163038.0,MLA-TELEVISIONS,Samsung
MLA1291719909,Smart Tv Led Noblex Dk75x7500 75'' Google Tv 4k ,659998.7,MLA-TELEVISIONS,Samsung
MLA1246235058,Smart Tv Qled 4k 65 Samsung Qn85b Qn65qn85ba 120hz Dolby Prm,1399999.0,MLA-TELEVISIONS,BGH
MLA1409621624,Smart Tv Samsung 55 Neo Qled 4k Uhd Qn55qn85ba Nuevo 6 Cts,899999.0,MLA-TELEVISIONS,Hitachi
MLA1262530428,Smart Tv 65  Crystal 4k Uhd Samsung Hub Sonido 3d Un65bu8000,469099.0,MLA-TELEVISIONS,Hisense
MLA1376143755,Smart Tv Led 65  Bgh B6522us6a 4k Android,327899.0,MLA-TELEVISIONS,Samsung
MLA1282332088,Smart Tv 65 Pulgadas 4k Ultra Hd Cdh-le654ksmart24 F Hitachi,362964.02,MLA-TELEVISIONS,Samsung
MLA1215159015,Smart Tv Hisense 55 Led 55a64h 4k Uhd Vidaa Cuo,331539.0,MLA-TELEVISIONS,TCL
MLA1160005233,Smart Tv Samsung Series 7 Un55au7000gczb Led 4k 55  220-240v,362463.75,MLA-TELEVISIONS,LG
MLA1117194849,Smart Tv Samsung Series 7 Un50au7000gczb Led 4k 50  ,244990.0,MLA-TELEVISIONS,Samsung
MLA1127591712,Smart Tv Android Qled 4k 55 Pulgada Tcl L55c715 Bt Dolby Prm,459999.0,MLA-TELEVISIONS,Samsung
MLA1464662186,Smart Tv LG Ai Thinq 70uq8050psb Led Webos 22 4k 70  Digiya,466750.0,MLA-TELEVISIONS,Samsung
MLA1371174042,Smart Tv Samsung Neo Qled 4k 65  Qn65qn85bagczb,766999.0,MLA-TELEVISIONS,Noblex
MLA1264750318,Smart Tv Samsung Series 7 Un55au7000gczb Led 4k 55 Cuo,401409.0,MLA-TELEVISIONS,Samsung
MLA1396002528,Televisor Samsung 55  Bea-h Crystal Uhd 4k Business Tv,264999.0,MLA-TELEVISIONS,Samsung
MLA1439371418,Smart Tv Noblex Dk75x7500 4k Ultra Hd 75 Pulgadas,520999.0,MLA-TELEVISIONS,Samsung
MLA1363245061,Smart Tv Samsung Series 8 Un75bu8000gczb Led 4k 75  ,629999.0,MLA-TELEVISIONS,Samsung
MLA1191789527,Smart Tv 70'' Samsung | Un70au7000gczb | 4k | Uhd ,424000.0,MLA-TELEVISIONS,TCL
MLA1327795991,Smart Tv Led Samsung 4k Serie 7 Un65au7000 65  220v,379599.0,MLA-TELEVISIONS,Samsung
MLA1459830960,Smart Tv Neo Qled 4k Qn75qn85aagxzd 100v/240v,800000.0,MLA-TELEVISIONS,Philips
MLA1298859336,Smart Tv Tcl 65  L65p735 Uhd 4k Hdr Netflix Center Hogar,308597.1,MLA-TELEVISIONS,Samsung
MLA1187329326,Smart Tv Samsung Series 7 Qn85q70aagczb Qled 4k 85  220v,1090800.0,MLA-TELEVISIONS,Samsung
MLA1185154022,Tv Smart Philips Led 75  Pud8507 Ultra Hd 4k,908599.0,MLA-TELEVISIONS,Philips
MLA1361098840,Tv Smart Samsung Business 4k  65  ,284999.05,MLA-TELEVISIONS,Samsung
MLA1418567906,Smart Tv Samsung Neo Qled 4k  Qled Tizen 4k 55  220v - 240v,1135653.75,MLA-TELEVISIONS,Hitachi
MLA1374264625,Televisor Led Philips 65pud7906/77 4k Smart Tv Android ,560240.02,MLA-TELEVISIONS,Philips
MLA1427502036,Smart Tv Samsung Series 6 Qn55q65bagczb Qled 4k 55  220-240v,435599.0,MLA-TELEVISIONS,Samsung
MLA1378197297,Smart Tv Hitachi Cdh-le554ksmart26 Led Android Tv 4k 55  ,259999.0,MLA-TELEVISIONS,Noblex
MLA1184974324,Tv Smart Philips Led 75  Pud8507 Ultra Hd 4k,917699.0,MLA-TELEVISIONS,RCA
MLA1375366419,Smart Tv Neo Qled 4k Qn85qn85aagxzd Qled Tizen 4k 85  ,900000.0,MLA-TELEVISIONS,LG
MLA1180031485,Smart Tv Noblex Dm50x7550 Led 4k 50  220v,271157.76,MLA-TELEVISIONS,LG
MLA1427407396,Smart Tv 4k 65 Pulgadas Rca G65p8uhd Uhd Android Google Tv,413999.0,MLA-TELEVISIONS,Samsung
MLA1361440213,Smart Tv LG Ai Thinq 55nano80spa Led 4k 55 ,473549.0,MLA-TELEVISIONS,LG
MLA1417712310,Smart Tv 70  LG 70up7750psb Uhd 4k Hdr Thinq Ai Bluetooth   ,796948.85,MLA-TELEVISIONS,TCL
MLA1399264176,Smart Tv 65  Samsung 4k Uhd Crystal Un65bu8000gczb Negro,842695.82,MLA-TELEVISIONS,Samsung
MLA1136006627,Smart Tv LG 65 Pulgadas Nanocell Uhd 4k 65nano80 Otero Hogar,562858.94,MLA-TELEVISIONS,Philips
MLA1323571966,Smart Tv Tcl L75p735 75 Pulgadas Google Tv 4k Hdr,549999.0,MLA-TELEVISIONS,Samsung
MLA1259987394,Smart Tv Samsung 55  Qn55q65bagczb 4k Qled. Color Negro,611999.0,MLA-TELEVISIONS,Samsung
MLA1124804844,Smart Tv Philips 65pud7906/77 Led Hdr 4k Uhd 65  Android Tv,452419.0,MLA-TELEVISIONS,Samsung
MLA1374956863,Smart Tv Samsung 65 Pulgadas Frame Qn65ls03b Qled 4k 6 Cts,999999.0,MLA-TELEVISIONS,Samsung
MLA926377675,Smart Tv Samsung Series 7 Un50tu7000gczb Led Crystal 4k 50 ,426855.0,MLA-TELEVISIONS,Philips
MLA1372224539,Smart Tv Samsung The Frame Qled 4k 55  + Marco 55  Nogal,582999.0,MLA-TELEVISIONS,Samsung
MLA1347198585,Smart Tv Samsung Series 7 Un50au7000gczb Led 4k 50  ,243750.0,MLA-TELEVISIONS,Noblex
MLA1144569428,Smart Tv Philips 55pud7906/77 Led 4k 55  110v/240v,278949.0,MLA-TELEVISIONS,Samsung
MLA1403957540,Tv Samsung 65  Eq Qled 4k Marco Nogal Marron,812499.0,MLA-TELEVISIONS,Samsung
MLA1381428459,Smart Tv Noblex 58p 4k Db58x7500,242308.0,MLA-TELEVISIONS,Samsung
MLA1160009543,Tv Smart Samsung Series 7 Qn85q70aagczb Qled 4k 85 220v,1649999.0,MLA-TELEVISIONS,Samsung
MLA1425618148,Smart Tv Samsung Neo Qled 4k Qn55qn85bagczb Qled Tizen 4k 55,707998.8,MLA-TELEVISIONS,LG
MLA1141679105,Smart Tv Samsung Series 7 Un50au7000gczb Led 4k 50 PuLG,381520.0,MLA-TELEVISIONS,RCA
MLA1370584537,Smart Tv Samsung Series 7 Un65au7000gczb Led Tizen 4k 65    ,499999.0,MLA-TELEVISIONS,Samsung
MLA1119654691,Smart Tv LG Ai Thinq 50up7750psb Lcd 4k 50  100v/240v,342333.0,MLA-TELEVISIONS,LG
MLA1137188110,Smart Tv Rca And50fxuhd Led 4k 50  100v/240v,179839.0,MLA-TELEVISIONS,Philips
MLA1266628887,Smart Tv Samsung Uhd Crystal 75  Serie Bu8000 - Rex,753569.0,MLA-TELEVISIONS,Philips
MLA1413515448,Smart Tv De 65 LG 65nano80sqa Ai Thinq Webos 22 4k Cts      ,633598.7,MLA-TELEVISIONS,Hisense
MLA1211213217,Smart Tv Philips 65pud7906/77 Led 4k 65  110v/240v,461999.0,MLA-TELEVISIONS,LG
MLA1211933488,Smart Tv Philips 65  Oled Android Tv 4k Oled Uhd,1131199.0,MLA-TELEVISIONS,Samsung
MLA1169117885,Smart Tv Hisense H4318fh5 Led 3d 4k 43  100v/240v,273715.2,MLA-TELEVISIONS,LG
MLA1370695247,Smart Tv LG 55nano80sqa Led Webos 22 4k 55  100v/240v,603300.47,MLA-TELEVISIONS,Philips
MLA1216616644,Smart Tv Led Samsung 65 Un65au7000gczb 4k Gtia Oficial,349619.55,MLA-TELEVISIONS,
MLA1366309547,Smart Tv 50 LG 50up7750 4k Uhd Ai Thinq,323999.0,MLA-TELEVISIONS,
MLA1134940552,Smart Tv Philips 65pud7906/77 Led 4k 65  110v/240v Android,367818.94,MLA-TELEVISIONS,
